Timestamp,Do you use OpenTelemetry in production for metrics?,Where do you store your metrics primarily?,What type of team do you work on?,Do you collect infrastructure metrics?,How do you instrument infrastructure metrics collection? (choose all that apply),Do you collect application metrics? ,How do you instrument application metrics collection? (choose all that apply),What do you use to process or transform metrics data before you send it to storage? (choose all that apply),How easy or difficult is it to use OpenTelemetry and Prometheus together?,What would you like us to improve to make OpenTelemetry and Prometheus work better together?  (optional),What industry do you work in?,Where in its observability journey is your organization?,How large is your organization?,Do you work for an observability or APM (monitoring) vendor?,Are you a Prometheus or an OpenTelemetry maintainer?
3/24/2026 11:55:50,"Yes, I use both OpenTelemetry & Prometheus",AWS Prometheus,Platform Engineering,Yes,"OTel receivers, Prometheus exporters",Yes,"OTel SDKs, Prometheus SDKs","Nothing, it goes to storage right away",Neither easy nor difficult,We do not use both together. Honeycomb do tracing and Prometheus for alerts ,Technology,Expert - We have a well-established observability practice,1-49 employees,Yes,
3/24/2026 16:22:57,Yes,Prometheus-compatible (or PromQL compatible) backend from a vendor,Platform Engineering,Yes,"OTel receivers, Prometheus exporters, Built in /metrics endpoint (without exporter)",Yes,Prometheus SDKs,"Prometheus relabeling rules or record evaluations, Open source OTel Collector (core, contrib)",Somewhat easy,,Technology,Intermediate - We are setting up an observability practice,100-999 employees,Yes,
3/24/2026 16:41:29,Yes,I don’t know,,,,,,,,,,,,,
3/24/2026 18:08:42,Yes,"Open-source Prometheus backend (Thanos, Cortex, Grafana Mimir)",SRE,Yes,Prometheus exporters,Yes,Prometheus SDKs,Prometheus relabeling rules or record evaluations,Neither easy nor difficult,,Technology,Expert - We have a well-established observability practice,1000+ employees,No,
3/24/2026 18:13:55,Yes,Prometheus,Platform Engineering,Yes,"OTel receivers, Prometheus exporters",Yes,OTel SDKs,"Open source OTel Collector (core, contrib)",Somewhat easy,,Technology,Beginner - Learning about observability / Have used monitoring tools,100-999 employees,No,
3/24/2026 18:16:09,Yes,Prometheus-compatible (or PromQL compatible) backend from a vendor,Dev,Yes,"OTel receivers, Prometheus exporters, Built in /metrics endpoint (without exporter)",Yes,"OTel SDKs, Prometheus SDKs","Prometheus relabeling rules or record evaluations, Vendor distribution of OTel Collector",Neither easy nor difficult,"Resource Attributes Entity, Conversion spec up to date, Prometheus exporter Vs receiver, Semconv use by Prometheus",Technology,Expert - We have a well-established observability practice,1000+ employees,Yes,
3/25/2026 12:43:37,Yes,"Open-source Prometheus backend (Thanos, Cortex, Grafana Mimir)",Operations,Yes,"OTel receivers, Prometheus exporters, Built in /metrics endpoint (without exporter), Built in OTLP push",Yes,"OTel SDKs, Prometheus SDKs","Open source OTel Collector (core, contrib)",Very easy,,Other,Intermediate - We are setting up an observability practice,100-999 employees,No,
3/25/2026 13:12:53,Yes,"Open-source Prometheus backend (Thanos, Cortex, Grafana Mimir)",SRE,Yes,"OTel receivers, Prometheus exporters",Yes,"OTel SDKs, Self instrumemtation, manual instrumentarion for OTEl","Open source OTel Collector (core, contrib)",Neither easy nor difficult,,Technology,Intermediate - We are setting up an observability practice,100-999 employees,No,
3/25/2026 13:53:25,Yes,Prometheus-compatible (or PromQL compatible) backend from a vendor,Dev,Yes,Built in OTLP push,No,,"Open source OTel Collector (core, contrib)",Neither easy nor difficult,,Technology,Intermediate - We are setting up an observability practice,50-99 employees,Yes,
3/25/2026 14:05:45,Yes,Clickhouse,,,,,,,,,,,,,
4/23/2026 15:57:14,No,,,,,,,,,,,,,,
4/23/2026 15:57:25,No,,,,,,,,,,,,,,
4/23/2026 15:59:18,No,,,,,,,,,,,,,,
4/23/2026 16:00:01,Yes,"A backend not associated with Prometheus, not compatible with PromQL",,,,,,,,,,,,,
4/23/2026 16:01:00,Yes,"Open-source Prometheus backend (Thanos, Cortex, Grafana Mimir)",SRE,,I don't collect infrastructure metrics,,"OTel SDKs, OpenTelemetry eBPF Instrumentation (a.k.a. OBI)",Prometheus relabeling rules or record evaluations,Neither easy nor difficult,,Finance,Expert - Having a well-established observability practice,50-99 employees,Yes,Yes
4/27/2026 15:20:58,Yes,Splunk,,,,,,,,,,,,,
4/27/2026 15:36:14,Yes,Prometheus,Platform Engineering,,"OTel receivers, Prometheus exporters, Built-in OTLP push",,OTel SDKs,"Open source OTel Collector (core, contrib), Vendor distribution of OTel Collector",Somewhat easy,Enable MCP or agentic ai,Technology,Intermediate - Setting up an observability practice,1000+ employees,Yes,No
4/27/2026 15:36:26,No,,,,,,,,,,,,,,
4/27/2026 15:54:52,Yes,Prometheus,Sysadmin,,OTel receivers,,OTel SDKs,"Open source OTel Collector (core, contrib)",Neither easy nor difficult,Create a simple and secure repository to install Otelcol. ,Technology,Intermediate - Setting up an observability practice,100-999 employees,No,No
4/27/2026 16:00:22,Yes,Zabbix,,,,,,,,,,,,,
4/27/2026 16:08:55,Yes,Elastic,,,,,,,,,,,,,
4/27/2026 16:13:39,No,,,,,,,,,,,,,,
4/27/2026 16:52:28,Yes,"Open-source Prometheus backend (Thanos, Cortex, Grafana Mimir)",Dev,,"OTel receivers, Prometheus exporters, OpenTelemetry eBPF Instrumentation (a.k.a. OBI)",,"OTel SDKs, OpenTelemetry eBPF Instrumentation (a.k.a. OBI)","Prometheus relabeling rules or record evaluations, Open source OTel Collector (core, contrib)",Neither easy nor difficult,,Finance,Intermediate - Setting up an observability practice,50-99 employees,No,No
4/27/2026 16:57:45,Yes,"Open-source Prometheus backend (Thanos, Cortex, Grafana Mimir)",Platform Engineering,,"OTel receivers, Prometheus exporters, Built-in OTLP push",,"OTel SDKs, Prometheus SDKs","Prometheus relabeling rules or record evaluations, Custom-built OTel Collector built with OCB",Somewhat easy,"Native ruler, so I can use Prometheus recording rules directly in the collector. ",Technology,Expert - Having a well-established observability practice,100-999 employees,No,No
4/27/2026 16:59:50,Yes,Prometheus,SRE,,"OTel receivers, Prometheus exporters, Built-in /metrics endpoint (without exporter), Built-in OTLP push, OpenTelemetry eBPF Instrumentation (a.k.a. OBI)",,OTel SDKs,"Open source OTel Collector (core, contrib)",Very easy,,Technology,Intermediate - Setting up an observability practice,1-49 employees,Yes,Yes
4/27/2026 17:13:57,No,,,,,,,,,,,,,,
4/27/2026 17:38:11,Yes,"Open-source Prometheus backend (Thanos, Cortex, Grafana Mimir)",Platform Engineering,,"OTel receivers, Built-in /metrics endpoint (without exporter)",,OpenTelemetry eBPF Instrumentation (a.k.a. OBI),"Open source OTel Collector (core, contrib)",Neither easy nor difficult,,Technology,Expert - Having a well-established observability practice,1000+ employees,No,No
4/27/2026 17:50:52,Yes,"Open-source Prometheus backend (Thanos, Cortex, Grafana Mimir)",Dev,,Built-in OTLP push,,OTel SDKs,"Open source OTel Collector (core, contrib)",Neither easy nor difficult,,Finance,Intermediate - Setting up an observability practice,100-999 employees,Yes,No
4/27/2026 18:58:15,Yes,"Open-source Prometheus backend (Thanos, Cortex, Grafana Mimir)",SRE,,"OTel receivers, Prometheus exporters",,OTel SDKs,"Prometheus relabeling rules or record evaluations, Open source OTel Collector (core, contrib)",Somewhat easy,Library,Technology,Intermediate - Setting up an observability practice,1000+ employees,No,Yes
4/27/2026 19:19:55,Yes,Prometheus,Platform Engineering,,Prometheus exporters,,OTel SDKs,Prometheus relabeling rules or record evaluations,Neither easy nor difficult,,Technology,Beginner - Learning about observability / Have used monitoring tools,1000+ employees,No,Yes
4/27/2026 19:41:31,Yes,"Open-source Prometheus backend (Thanos, Cortex, Grafana Mimir)",SRE,,"OTel receivers, Prometheus exporters, Built-in /metrics endpoint (without exporter), Built-in OTLP push, OpenTelemetry eBPF Instrumentation (a.k.a. OBI)",,"OTel SDKs, Prometheus SDKs, OpenTelemetry eBPF Instrumentation (a.k.a. OBI)","Open source OTel Collector (core, contrib)",Neither easy nor difficult,,Other,Expert - Having a well-established observability practice,100-999 employees,No,No
4/27/2026 20:25:03,Yes,"Open-source Prometheus backend (Thanos, Cortex, Grafana Mimir)",Dev,,"Prometheus exporters, Built-in OTLP push",,OTel SDKs,Vendor distribution of OTel Collector,Very easy,,Technology,Expert - Having a well-established observability practice,100-999 employees,No,No
4/27/2026 21:19:57,Yes,"Open-source Prometheus backend (Thanos, Cortex, Grafana Mimir)",SRE,,"OTel receivers, Prometheus exporters, Built-in /metrics endpoint (without exporter), Built-in OTLP push, OpenTelemetry eBPF Instrumentation (a.k.a. OBI)",,"OTel SDKs, Prometheus SDKs",I don’t know,Neither easy nor difficult,,Technology,Intermediate - Setting up an observability practice,1000+ employees,Yes,Yes
4/27/2026 21:45:33,Yes,VictoriaMetrics,,,,,,,,,,,,,
4/27/2026 22:45:37,Yes,Prometheus,DevOps,,"OTel receivers, Prometheus exporters, Built-in OTLP push, OpenTelemetry eBPF Instrumentation (a.k.a. OBI)",,"OTel SDKs, Prometheus SDKs","Open source OTel Collector (core, contrib), Custom-built OTel Collector built with OCB",Somewhat difficult,,Technology,Expert - Having a well-established observability practice,50-99 employees,Yes,No
4/28/2026 0:17:36,Yes,Prometheus,Observability,,"Prometheus exporters, Zabbix ",,"OTel SDKs, OpenTelemetry eBPF Instrumentation (a.k.a. OBI)","Open source OTel Collector (core, contrib)",Somewhat easy,,Technology,Expert - Having a well-established observability practice,1000+ employees,No,No
4/28/2026 3:43:12,No,,,,,,,,,,,,,,
4/28/2026 3:49:08,No,,,,,,,,,,,,,,
4/28/2026 4:00:33,Yes,Prometheus,DevOps,,"I don't collect infrastructure metrics, Prometheus exporters",,I don’t know,I don’t know,Somewhat easy,Yes,Retail,Expert - Having a well-established observability practice,1000+ employees,Yes,Yes
4/28/2026 4:08:43,Yes,Prometheus-compatible (or PromQL compatible) backend from a vendor,Sales Engineering,,"OTel receivers, Prometheus exporters",,OTel SDKs,"Open source OTel Collector (core, contrib), Vendor distribution of OTel Collector",Somewhat easy,"maybe more of a vendor thing, but prometheus histograms and cumulative histograms don't really play well with OpenTelemetry. Even when using cumulativetodelta processor, numbers are weird, makes no sense so we stop using it.",Technology,Expert - Having a well-established observability practice,1000+ employees,Yes,No
4/28/2026 6:57:38,Yes,"A backend not associated with Prometheus, not compatible with PromQL",,,,,,,,,,,,,
4/28/2026 7:07:59,Yes,Prometheus,Platform Engineering,,OTel receivers,,OTel SDKs,"Open source OTel Collector (core, contrib)",Very easy,,Technology,Intermediate - Setting up an observability practice,1000+ employees,No,No
4/28/2026 7:42:40,Yes,Prometheus,Platform Engineering,,Prometheus exporters,,Prometheus SDKs,Prometheus relabeling rules or record evaluations,Somewhat difficult,,Technology,Intermediate - Setting up an observability practice,1000+ employees,No,No
4/28/2026 8:05:35,Yes,Prometheus,Observability,,"OTel receivers, Prometheus exporters, Built-in /metrics endpoint (without exporter), Built-in OTLP push",,Prometheus SDKs,"Prometheus relabeling rules or record evaluations, Open source OTel Collector (core, contrib)",Somewhat easy,,Technology,Expert - Having a well-established observability practice,100-999 employees,No,Yes
4/28/2026 8:39:38,Yes,"Open-source Prometheus backend (Thanos, Cortex, Grafana Mimir)",Observability,,"OTel receivers, Prometheus exporters",,OTel SDKs,"Open source OTel Collector (core, contrib)",Somewhat easy,,Technology,Expert - Having a well-established observability practice,1-49 employees,Yes,No
4/28/2026 8:42:34,Yes,"Open-source Prometheus backend (Thanos, Cortex, Grafana Mimir)",Observability,,"OTel receivers, Prometheus exporters, Built-in /metrics endpoint (without exporter), Built-in OTLP push",,"OTel SDKs, Prometheus SDKs","Open source OTel Collector (core, contrib)",Somewhat easy,,Technology,Expert - Having a well-established observability practice,50-99 employees,No,No
4/28/2026 8:44:06,Yes,"Open-source Prometheus backend (Thanos, Cortex, Grafana Mimir)",Observability,,"OTel receivers, Prometheus exporters",,OTel SDKs,"Open source OTel Collector (core, contrib), Custom-built OTel Collector built with OCB, Vendor distribution of OTel Collector",Somewhat easy,,Technology,Expert - Having a well-established observability practice,50-99 employees,Yes,Yes
4/28/2026 8:57:07,Yes,Prometheus,Observability,,OTel receivers,,OTel SDKs,"Open source OTel Collector (core, contrib)",Very easy,,Finance,Intermediate - Setting up an observability practice,1-49 employees,Yes,No
4/28/2026 9:24:23,Yes,"Open-source Prometheus backend (Thanos, Cortex, Grafana Mimir)",Observability,,Prometheus exporters,,"OTel SDKs, Prometheus SDKs, already built exporters","Open source OTel Collector (core, contrib)",Very easy,,Technology,Expert - Having a well-established observability practice,50-99 employees,No,No
4/28/2026 9:52:34,Yes,"Open-source Prometheus backend (Thanos, Cortex, Grafana Mimir)",Observability,,OTel receivers,,OTel SDKs,"Open source OTel Collector (core, contrib)",Somewhat difficult,"Seamless handling of resource attributes, no joins",Technology,Expert - Having a well-established observability practice,1000+ employees,No,No
4/28/2026 14:11:08,Yes,"Open-source Prometheus backend (Thanos, Cortex, Grafana Mimir)",Dev,,"OTel receivers, Prometheus exporters, Built-in OTLP push",,OTel SDKs,"Open source OTel Collector (core, contrib)",Very easy,,Technology,Expert - Having a well-established observability practice,50-99 employees,No,No
4/28/2026 15:26:31,Yes,"Open-source Prometheus backend (Thanos, Cortex, Grafana Mimir)",Platform Engineering,,"OTel receivers, Prometheus exporters",,OTel SDKs,"Prometheus relabeling rules or record evaluations, Custom-built OTel Collector built with OCB, Vendor distribution of OTel Collector",Neither easy nor difficult,Labels,Finance,Expert - Having a well-established observability practice,100-999 employees,No,No
4/28/2026 18:42:59,Yes,Prometheus,Observability,,Built-in /metrics endpoint (without exporter),,"OTel SDKs, Prometheus SDKs",Prometheus relabeling rules or record evaluations,Somewhat easy,,Technology,Expert - Having a well-established observability practice,1000+ employees,No,No
4/28/2026 20:38:20,Yes,"Open-source Prometheus backend (Thanos, Cortex, Grafana Mimir)",Platform Engineering,,OpenTelemetry eBPF Instrumentation (a.k.a. OBI),,OpenTelemetry eBPF Instrumentation (a.k.a. OBI),"Open source OTel Collector (core, contrib)",Very easy,,Technology,Expert - Having a well-established observability practice,1000+ employees,No,No
4/28/2026 21:02:38,No,,,,,,,,,,,,,,
4/28/2026 21:23:14,Yes,"A backend not associated with Prometheus, not compatible with PromQL",,,,,,,,,,,,,
4/29/2026 15:46:57,No,,,,,,,,,,,,,,
4/29/2026 19:03:55,Yes,Prometheus + Signoz,,,,,,,,,,,,,
4/29/2026 22:43:15,Yes,Prometheus,Dev,,"OTel receivers, Prometheus exporters, Built-in /metrics endpoint (without exporter), Built-in OTLP push",,Micrometer,"Open source OTel Collector (core, contrib), Vendor distribution of OTel Collector",Somewhat difficult,"Interoperability has been improving, but there’s still some friction in the way metrics are named and formatted",Technology,Intermediate - Setting up an observability practice,1000+ employees,No,No
4/30/2026 14:29:16,Yes,"Open-source Prometheus backend (Thanos, Cortex, Grafana Mimir)",SRE,,"Prometheus exporters, Built-in /metrics endpoint (without exporter)",,I don't collect application metrics,"Prometheus relabeling rules or record evaluations, Vendor distribution of OTel Collector",Neither easy nor difficult,,Technology,Expert - Having a well-established observability practice,1000+ employees,No,No
4/30/2026 17:26:29,Yes,"Open-source Prometheus backend (Thanos, Cortex, Grafana Mimir)",Observability,,Prometheus exporters,,"OTel SDKs, Prometheus SDKs","Nothing, it goes to storage right away",Very easy,,Technology,Expert - Having a well-established observability practice,1000+ employees,No,No
4/30/2026 20:25:50,Yes,Prometheus,Other,,,,,,,,,,,,
4/30/2026 21:10:39,Yes,"Open-source Prometheus backend (Thanos, Cortex, Grafana Mimir)",Platform Engineering,,"OTel receivers, Prometheus exporters",,"OTel SDKs, Prometheus SDKs","Prometheus relabeling rules or record evaluations, Open source OTel Collector (core, contrib)",Neither easy nor difficult,,Technology,Beginner - Learning about observability / Have used monitoring tools,1-49 employees,No,No
5/1/2026 10:34:06,Yes,Prometheus,Observability,,OTel receivers,,OTel SDKs,Prometheus relabeling rules or record evaluations,Very easy,,Technology,Intermediate - Setting up an observability practice,50-99 employees,Yes,Yes
5/1/2026 18:02:18,No,,,,,,,,,,,,,,
5/1/2026 18:04:10,Yes,Prometheus,DevOps,,Prometheus exporters,,Prometheus SDKs,Prometheus relabeling rules or record evaluations,Neither easy nor difficult,,Technology,Intermediate - Setting up an observability practice,1-49 employees,No,Yes
5/1/2026 18:35:56,Yes,"Open-source Prometheus backend (Thanos, Cortex, Grafana Mimir)",SRE,,"OTel receivers, Prometheus exporters, Built-in OTLP push, OpenTelemetry eBPF Instrumentation (a.k.a. OBI)",,"OTel SDKs, Prometheus SDKs, OpenTelemetry eBPF Instrumentation (a.k.a. OBI)","Prometheus relabeling rules or record evaluations, Open source OTel Collector (core, contrib)",Somewhat difficult,,Technology,Expert - Having a well-established observability practice,100-999 employees,No,No
5/2/2026 16:03:12,Yes,"Open-source Prometheus backend (Thanos, Cortex, Grafana Mimir)",Platform Engineering,,"OTel receivers, Built-in /metrics endpoint (without exporter), Built-in OTLP push",,OTel SDKs,"Prometheus relabeling rules or record evaluations, Open source OTel Collector (core, contrib)",Somewhat easy,"If you instrument a lot with opentelemetry, prometheus becomes great as a backend. Doing so, make a lot of component superfluous in my view, since you are not using a lot of feature that it provides, instead you use maily tsdb. For that reason I was wondering switching to thanos. The only thing that has stopped me is the additional complexity.",Finance,Intermediate - Setting up an observability practice,100-999 employees,No,No
5/2/2026 17:01:13,Yes,"Open-source Prometheus backend (Thanos, Cortex, Grafana Mimir)",SRE,,OTel receivers,,OTel SDKs,"Open source OTel Collector (core, contrib)",Very easy,,Technology,Intermediate - Setting up an observability practice,1-49 employees,No,Yes
5/4/2026 22:00:19,No,,,,,,,,,,,,,,
5/4/2026 22:21:59,Yes,"Open-source Prometheus backend (Thanos, Cortex, Grafana Mimir)",SRE,,"Prometheus exporters, Built-in /metrics endpoint (without exporter)",,"OTel SDKs, Prometheus SDKs","Prometheus relabeling rules or record evaluations, Open source OTel Collector (core, contrib)",Somewhat easy,"Sometimes there are versions incompatibility, like on the Prometheus receiver in Otel collector that only support the v2 remote write version, even though it is not fully used yet.",Technology,Expert - Having a well-established observability practice,50-99 employees,No,Yes
5/5/2026 0:39:48,Yes,"Open-source Prometheus backend (Thanos, Cortex, Grafana Mimir)",Observability,,OTel receivers,,OTel SDKs,"Open source OTel Collector (core, contrib)",Somewhat easy,improve target allocator,Finance,Intermediate - Setting up an observability practice,1000+ employees,Yes,Yes
5/5/2026 1:05:07,Yes,Prometheus-compatible (or PromQL compatible) backend from a vendor,Observability,,OTel receivers,,"OTel SDKs, Prometheus SDKs","Prometheus relabeling rules or record evaluations, Open source OTel Collector (core, contrib)",Neither easy nor difficult,,Technology,Intermediate - Setting up an observability practice,1000+ employees,No,No
5/5/2026 3:40:05,Yes,Prometheus,DevOps,,"Built-in /metrics endpoint (without exporter), Built-in OTLP push",,OTel SDKs,"Prometheus relabeling rules or record evaluations, Open source OTel Collector (core, contrib)",Neither easy nor difficult,,Technology,Intermediate - Setting up an observability practice,100-999 employees,No,No
5/5/2026 8:22:45,Yes,"A backend not associated with Prometheus, not compatible with PromQL",,,,,,,,,,,,,
5/5/2026 22:32:57,Yes,Prometheus-compatible (or PromQL compatible) backend from a vendor,DevOps,,"OTel receivers, Prometheus exporters",,OTel SDKs,"Prometheus relabeling rules or record evaluations, Custom-built OTel Collector built with OCB",Somewhat easy,,Technology,Expert - Having a well-established observability practice,1000+ employees,No,No
5/6/2026 14:29:37,Yes,Prometheus-compatible (or PromQL compatible) backend from a vendor,Observability,,"OTel receivers, Built-in /metrics endpoint (without exporter)",,Prometheus SDKs,"Prometheus relabeling rules or record evaluations, Open source OTel Collector (core, contrib)",Very easy,Sharding,Technology,Expert - Having a well-established observability practice,1000+ employees,No,No
5/6/2026 19:32:46,No,,,,,,,,,,,,,,
5/6/2026 23:29:56,Yes,Prometheus-compatible (or PromQL compatible) backend from a vendor,Dev,,"Prometheus exporters, Built-in OTLP push",,OTel SDKs,"Nothing, it goes to storage right away",Somewhat easy,,Finance,Intermediate - Setting up an observability practice,1000+ employees,No,No
5/7/2026 4:25:55,No,,,,,,,,,,,,,,
5/7/2026 6:29:51,Yes,Prometheus,Dev,,"Prometheus exporters, Built-in /metrics endpoint (without exporter)",,Prometheus SDKs,"Nothing, it goes to storage right away",Somewhat easy,"More examples using different language libraries, both trivial, single feature examples, and complex ""heres how these can/should be combined"" examples. ",Technology,Expert - Having a well-established observability practice,1-49 employees,No,No
5/7/2026 6:40:56,No,,,,,,,,,,,,,,
5/7/2026 8:32:28,Yes,Prometheus,Dev,,"OTel receivers, Prometheus exporters, Built-in /metrics endpoint (without exporter), OpenTelemetry eBPF Instrumentation (a.k.a. OBI)",,"OTel SDKs, Prometheus SDKs","Nothing, it goes to storage right away",Neither easy nor difficult,,Technology,Expert - Having a well-established observability practice,50-99 employees,No,No
5/7/2026 11:40:49,Yes,Prometheus,DevOps,,OTel receivers,,OTel SDKs,"Open source OTel Collector (core, contrib)",Very easy,,Technology,Intermediate - Setting up an observability practice,100-999 employees,No,No
5/7/2026 12:20:11,Yes,Prometheus,Other,,,,,,,,,,,,
5/7/2026 12:41:11,Yes,"Open-source Prometheus backend (Thanos, Cortex, Grafana Mimir)",DevOps,,"I don't collect infrastructure metrics, Prometheus exporters",,"OTel SDKs, OTel Auto-Instrumentation","Prometheus relabeling rules or record evaluations, Grafana Alloy",Neither easy nor difficult,,Technology,Intermediate - Setting up an observability practice,1-49 employees,No,No
5/7/2026 13:06:00,No,,,,,,,,,,,,,,
5/7/2026 14:40:22,Yes,Prometheus,Observability,,"OTel receivers, Prometheus exporters, Built-in OTLP push",,OTel SDKs,"Open source OTel Collector (core, contrib)",Neither easy nor difficult,,Technology,Beginner - Learning about observability / Have used monitoring tools,100-999 employees,No,No
5/7/2026 18:37:00,Yes,"a mix of the Prometheus managed by AWS and ""enterprise"" products like splunk",,,,,,,,,,,,,
5/7/2026 20:51:22,No,,,,,,,,,,,,,,
5/8/2026 3:43:33,Yes,Prometheus-compatible (or PromQL compatible) backend from a vendor,DevOps,,I don't collect infrastructure metrics,,I don't collect application metrics,I don’t know,Somewhat easy,,Technology,Beginner - Learning about observability / Have used monitoring tools,1-49 employees,Yes,Yes
5/8/2026 8:36:23,No,,,,,,,,,,,,,,
5/8/2026 12:38:08,Yes,Prometheus,Dev,,I don't collect infrastructure metrics,,Prometheus SDKs,"Nothing, it goes to storage right away",Neither easy nor difficult,,Other,Intermediate - Setting up an observability practice,50-99 employees,No,No
5/8/2026 14:47:43,Yes,Prometheus,Dev,,Built-in /metrics endpoint (without exporter),,Prometheus SDKs,"Nothing, it goes to storage right away",Somewhat easy,,Finance,Intermediate - Setting up an observability practice,50-99 employees,No,No
5/8/2026 15:04:35,Yes,Prometheus,SRE,,"Prometheus exporters, Built-in /metrics endpoint (without exporter)",,Prometheus SDKs,Prometheus relabeling rules or record evaluations,Neither easy nor difficult,,Finance,Intermediate - Setting up an observability practice,100-999 employees,No,No
5/8/2026 16:00:26,No,,,,,,,,,,,,,,
5/8/2026 17:12:14,Yes,"Open-source Prometheus backend (Thanos, Cortex, Grafana Mimir)",Platform Engineering,,Prometheus exporters,,"OTel SDKs, Prometheus SDKs","Prometheus relabeling rules or record evaluations, Open source OTel Collector (core, contrib)",Neither easy nor difficult,,Other,Expert - Having a well-established observability practice,1000+ employees,No,No
5/8/2026 17:29:12,Yes,Prometheus-compatible (or PromQL compatible) backend from a vendor,Observability,,"OTel receivers, Prometheus exporters, Built-in /metrics endpoint (without exporter), Built-in OTLP push",,"OTel SDKs, Prometheus SDKs","Prometheus relabeling rules or record evaluations, Open source OTel Collector (core, contrib), Custom-built OTel Collector built with OCB",Neither easy nor difficult,Some standard built-in mapping between common labels would be nice,Technology,Expert - Having a well-established observability practice,1000+ employees,No,No
5/8/2026 17:33:36,Yes,Prometheus,DevOps,,"I don't collect infrastructure metrics, OTel receivers, Prometheus exporters, Built-in /metrics endpoint (without exporter), Built-in OTLP push, OpenTelemetry eBPF Instrumentation (a.k.a. OBI)",,"I don't collect application metrics, OTel SDKs, Prometheus SDKs, OpenTelemetry eBPF Instrumentation (a.k.a. OBI), I don’t know","Nothing, it goes to storage right away, Prometheus relabeling rules or record evaluations, Open source OTel Collector (core, contrib), Custom-built OTel Collector built with OCB, Vendor distribution of OTel Collector, I don’t know",Somewhat difficult,,I am not employed right now,,,,
5/8/2026 18:19:28,Yes,Prometheus,SRE,,"OTel receivers, Prometheus exporters, Built-in /metrics endpoint (without exporter), Built-in OTLP push",,"OTel SDKs, Prometheus SDKs","Prometheus relabeling rules or record evaluations, Open source OTel Collector (core, contrib), Custom-built OTel Collector built with OCB",Neither easy nor difficult,,Technology,Expert - Having a well-established observability practice,1000+ employees,No,No
5/8/2026 19:35:37,No,,,,,,,,,,,,,,
5/8/2026 20:51:57,No,,,,,,,,,,,,,,
5/9/2026 10:16:41,No,,,,,,,,,,,,,,
5/9/2026 20:31:55,Yes,Prometheus,Other,,,,,,,,,,,,
5/9/2026 23:19:05,Yes,Prometheus,Dev,,"Prometheus exporters, Built-in /metrics endpoint (without exporter)",,"OTel SDKs, Prometheus SDKs",Prometheus relabeling rules or record evaluations,Somewhat difficult,,Technology,Beginner - Learning about observability / Have used monitoring tools,1000+ employees,No,No
5/10/2026 8:09:08,Yes,"Open-source Prometheus backend (Thanos, Cortex, Grafana Mimir)",Platform Engineering,,"OTel receivers, Built-in /metrics endpoint (without exporter)",,Prometheus SDKs,"Prometheus relabeling rules or record evaluations, Open source OTel Collector (core, contrib)",Somewhat easy,,Retail,Expert - Having a well-established observability practice,1000+ employees,No,No
5/10/2026 18:35:22,No,,,,,,,,,,,,,,
5/10/2026 20:03:59,No,,,,,,,,,,,,,,
5/11/2026 5:53:17,Yes,"Open-source Prometheus backend (Thanos, Cortex, Grafana Mimir)",DevOps,,"OTel receivers, Prometheus exporters, Built-in OTLP push",,OTel SDKs,"Prometheus relabeling rules or record evaluations, Open source OTel Collector (core, contrib), Custom-built OTel Collector built with OCB, Vendor distribution of OTel Collector",Neither easy nor difficult,,Technology,Expert - Having a well-established observability practice,1000+ employees,Yes,Yes
5/11/2026 7:49:44,No,,,,,,,,,,,,,,
5/11/2026 11:33:59,Yes,Prometheus,DevOps,,"OTel receivers, Prometheus exporters, Built-in OTLP push",,OTel SDKs,"Prometheus relabeling rules or record evaluations, Open source OTel Collector (core, contrib)",Somewhat easy,,Technology,Intermediate - Setting up an observability practice,1000+ employees,No,No
5/11/2026 13:04:43,Yes,"A backend not associated with Prometheus, not compatible with PromQL",,,,,,,,,,,,,
5/11/2026 14:12:44,Yes,"Open-source Prometheus backend (Thanos, Cortex, Grafana Mimir)",Dev,,"OTel receivers, Built-in OTLP push, Heorku Telemetry",,OTel SDKs,Grafana Alloy,Somewhat easy,,Technology,Intermediate - Setting up an observability practice,100-999 employees,No,No
5/12/2026 9:46:00,No,,,,,,,,,,,,,,
5/12/2026 10:37:43,Yes,"Open-source Prometheus backend (Thanos, Cortex, Grafana Mimir)",Sysadmin,,OTel receivers,,"OTel SDKs, Prometheus SDKs","Open source OTel Collector (core, contrib)",Somewhat easy,,Technology,Intermediate - Setting up an observability practice,100-999 employees,No,No
5/12/2026 13:43:45,Yes,Prometheus-compatible (or PromQL compatible) backend from a vendor,Observability,,"OTel receivers, Built-in /metrics endpoint (without exporter), Built-in OTLP push",,"OTel SDKs, Prometheus SDKs","Open source OTel Collector (core, contrib), Vendor distribution of OTel Collector",Somewhat easy,,Other,Expert - Having a well-established observability practice,1000+ employees,No,No
5/12/2026 14:04:51,No,,,,,,,,,,,,,,
5/12/2026 14:24:33,Yes,"A backend not associated with Prometheus, not compatible with PromQL",,,,,,,,,,,,,
5/12/2026 15:09:11,Yes,"Open-source Prometheus backend (Thanos, Cortex, Grafana Mimir)",Operations,,OTel receivers,,OTel Auto-instrumentation Agent,"Open source OTel Collector (core, contrib)",Neither easy nor difficult,,Technology,Intermediate - Setting up an observability practice,1000+ employees,No,No
5/12/2026 15:26:07,Yes,Victoriametrics,,,,,,,,,,,,,
5/12/2026 17:31:17,No,,,,,,,,,,,,,,
5/12/2026 18:56:16,No,,,,,,,,,,,,,,
5/13/2026 10:52:45,Yes,Prometheus,SRE,,"OTel receivers, Prometheus exporters, Built-in /metrics endpoint (without exporter), Built-in OTLP push, textfile collector",,"OTel SDKs, Prometheus SDKs, textfile collector","Prometheus relabeling rules or record evaluations, Open source OTel Collector (core, contrib)",Somewhat easy,unifying prometheus labels and otel attributes (semconv),Finance,Expert - Having a well-established observability practice,50-99 employees,No,No
5/13/2026 11:41:05,Yes,Prometheus,Observability,,"OTel receivers, Prometheus exporters, Built-in /metrics endpoint (without exporter)",,"OTel SDKs, Prometheus SDKs","Prometheus relabeling rules or record evaluations, Open source OTel Collector (core, contrib)",Somewhat easy,,Retail,Expert - Having a well-established observability practice,1000+ employees,No,No
5/13/2026 13:16:26,Yes,"Open-source Prometheus backend (Thanos, Cortex, Grafana Mimir)",DevOps,,"OTel receivers, Prometheus exporters, Built-in /metrics endpoint (without exporter), Built-in OTLP push, OpenTelemetry eBPF Instrumentation (a.k.a. OBI)",,"OTel SDKs, OpenTelemetry eBPF Instrumentation (a.k.a. OBI)",Custom-built OTel Collector built with OCB,Somewhat easy,,Finance,Beginner - Learning about observability / Have used monitoring tools,100-999 employees,No,No
5/13/2026 13:38:40,Yes,Prometheus,Observability,,I don't collect infrastructure metrics,,Prometheus SDKs,Prometheus relabeling rules or record evaluations,Very easy,,Finance,Intermediate - Setting up an observability practice,1000+ employees,No,No
5/13/2026 17:52:24,No,,,,,,,,,,,,,,
5/13/2026 17:59:01,No,,,,,,,,,,,,,,
5/13/2026 18:31:06,Yes,Prometheus,DevOps,,OTel receivers,,OTel SDKs,"Nothing, it goes to storage right away",Somewhat easy,Provide a native WindowsService for Prometheus,Technology,Intermediate - Setting up an observability practice,1000+ employees,No,No
5/14/2026 3:44:35,Yes,Prometheus,Observability,,"Prometheus exporters, Built-in /metrics endpoint (without exporter)",,"OTel SDKs, jvm-exporter",Prometheus relabeling rules or record evaluations,Neither easy nor difficult,prometheus 更改的键入opentelemetry，而不是prometheus otlp配置translation_strategy有多种配置选择,Technology,Intermediate - Setting up an observability practice,100-999 employees,No,No
5/14/2026 9:14:18,Yes,"Open-source Prometheus backend (Thanos, Cortex, Grafana Mimir)",Other,,,,,,,,,,,,
5/14/2026 10:41:38,No,,,,,,,,,,,,,,
5/14/2026 14:28:45,No,,,,,,,,,,,,,,
5/14/2026 17:12:55,Yes,"Open-source Prometheus backend (Thanos, Cortex, Grafana Mimir)",DevOps,,"Prometheus exporters, Built-in /metrics endpoint (without exporter), OpenTelemetry eBPF Instrumentation (a.k.a. OBI)",,"Prometheus SDKs, OpenTelemetry eBPF Instrumentation (a.k.a. OBI)","Prometheus relabeling rules or record evaluations, Open source OTel Collector (core, contrib), Custom-built OTel Collector built with OCB",Somewhat difficult,,Other,Intermediate - Setting up an observability practice,100-999 employees,Yes,No
5/14/2026 18:52:55,Yes,Prometheus,SRE,,"Prometheus exporters, Built-in /metrics endpoint (without exporter)",,"OTel SDKs, Prometheus SDKs","Prometheus relabeling rules or record evaluations, Open source OTel Collector (core, contrib)",Somewhat difficult,,Technology,Intermediate - Setting up an observability practice,1000+ employees,No,No
5/14/2026 19:18:30,Yes,Prometheus,Dev,,"OTel receivers, Prometheus exporters, Built-in /metrics endpoint (without exporter)",,Prometheus SDKs,"Nothing, it goes to storage right away, Prometheus relabeling rules or record evaluations, Open source OTel Collector (core, contrib)",Very easy,,Technology,Intermediate - Setting up an observability practice,50-99 employees,No,No
5/15/2026 0:19:07,No,,,,,,,,,,,,,,
5/15/2026 8:12:50,No,,,,,,,,,,,,,,
5/15/2026 9:13:46,No,,,,,,,,,,,,,,
5/15/2026 10:07:17,Yes,Prometheus,Dev,,"Prometheus exporters, Built-in /metrics endpoint (without exporter), Built-in OTLP push",,"OTel SDKs, Prometheus SDKs","Prometheus relabeling rules or record evaluations, Open source OTel Collector (core, contrib)",Somewhat easy,,Technology,Expert - Having a well-established observability practice,1000+ employees,No,No
5/15/2026 12:06:24,No,,,,,,,,,,,,,,
5/15/2026 12:49:08,Yes,"Open-source Prometheus backend (Thanos, Cortex, Grafana Mimir)",Operations,,"Prometheus exporters, Built-in /metrics endpoint (without exporter)",,Prometheus SDKs,Prometheus relabeling rules or record evaluations,Neither easy nor difficult,,Technology,Expert - Having a well-established observability practice,1-49 employees,Yes,No
5/15/2026 16:49:15,Yes,Prometheus-compatible (or PromQL compatible) backend from a vendor,Observability,,"OTel receivers, Prometheus exporters, Built-in /metrics endpoint (without exporter)",,Prometheus SDKs,"Prometheus relabeling rules or record evaluations, Open source OTel Collector (core, contrib), Custom-built OTel Collector built with OCB",Neither easy nor difficult,,Finance,Expert - Having a well-established observability practice,1000+ employees,No,No
5/15/2026 17:27:26,No,,,,,,,,,,,,,,
5/15/2026 17:50:13,Yes,"Open-source Prometheus backend (Thanos, Cortex, Grafana Mimir)",Sysadmin,,Prometheus exporters,,"Prometheus SDKs, I don’t know","Nothing, it goes to storage right away, Prometheus relabeling rules or record evaluations",Neither easy nor difficult,,Other,Expert - Having a well-established observability practice,100-999 employees,No,No
5/15/2026 19:50:31,Yes,"A backend not associated with Prometheus, not compatible with PromQL",,,,,,,,,,,,,
5/16/2026 12:09:06,No,,,,,,,,,,,,,,
5/16/2026 12:45:58,Yes,"Open-source Prometheus backend (Thanos, Cortex, Grafana Mimir)",DevOps,,"Prometheus exporters, Built-in /metrics endpoint (without exporter), OpenTelemetry eBPF Instrumentation (a.k.a. OBI)",,"Prometheus SDKs, OpenTelemetry eBPF Instrumentation (a.k.a. OBI)",Prometheus relabeling rules or record evaluations,Neither easy nor difficult,,Technology,Beginner - Learning about observability / Have used monitoring tools,1-49 employees,No,Yes
5/16/2026 15:24:03,Yes,Prometheus,Dev,,"OTel receivers, Prometheus exporters, OpenTelemetry eBPF Instrumentation (a.k.a. OBI)",,"OTel SDKs, OpenTelemetry eBPF Instrumentation (a.k.a. OBI)","Prometheus relabeling rules or record evaluations, Open source OTel Collector (core, contrib)",Very easy,,Finance,Expert - Having a well-established observability practice,100-999 employees,No,No
5/16/2026 16:43:15,No,,,,,,,,,,,,,,
5/17/2026 4:45:55,No,,,,,,,,,,,,,,
5/17/2026 14:49:15,Yes,Prometheus,DevOps,,OTel receivers,,OTel SDKs,"Open source OTel Collector (core, contrib)",Neither easy nor difficult,,Technology,Intermediate - Setting up an observability practice,1000+ employees,Yes,Yes
5/17/2026 15:47:28,Yes,"Open-source Prometheus backend (Thanos, Cortex, Grafana Mimir)",Observability,,Prometheus exporters,,"OTel SDKs, Prometheus SDKs","Prometheus relabeling rules or record evaluations, Open source OTel Collector (core, contrib)",Somewhat easy,,Finance,Intermediate - Setting up an observability practice,1000+ employees,Yes,No
5/17/2026 23:56:43,Yes,"Open-source Prometheus backend (Thanos, Cortex, Grafana Mimir)",DevOps,,I don’t know,,I don’t know,"Open source OTel Collector (core, contrib)",Neither easy nor difficult,,Other,Intermediate - Setting up an observability practice,50-99 employees,Yes,Yes
5/18/2026 21:18:40,Yes,"Open-source Prometheus backend (Thanos, Cortex, Grafana Mimir)",Platform Engineering,,"Prometheus exporters, Built-in /metrics endpoint (without exporter)",,Prometheus SDKs,Prometheus relabeling rules or record evaluations,Somewhat difficult,,Other,Expert - Having a well-established observability practice,1000+ employees,No,No
5/19/2026 6:40:09,No,,,,,,,,,,,,,,
5/19/2026 7:45:07,Yes,Prometheus,Sysadmin,,Prometheus exporters,,I don't collect application metrics,"Nothing, it goes to storage right away",Somewhat easy,,Other,Expert - Having a well-established observability practice,50-99 employees,No,No
5/19/2026 13:11:33,Yes,Prometheus,Dev,,"Prometheus exporters, Built-in /metrics endpoint (without exporter)",,Prometheus SDKs,Prometheus relabeling rules or record evaluations,Neither easy nor difficult,,Technology,Intermediate - Setting up an observability practice,100-999 employees,No,No
5/19/2026 13:35:20,Yes,Signoz,,,,,,,,,,,,,
5/19/2026 17:52:45,Yes,Prometheus,DevOps,,"OTel receivers, Prometheus exporters",,I don't collect application metrics,Vendor distribution of OTel Collector,Neither easy nor difficult,,Technology,Beginner - Learning about observability / Have used monitoring tools,50-99 employees,No,No
5/19/2026 18:09:05,Yes,Prometheus,DevOps,,"OTel receivers, Prometheus exporters",,"OTel SDKs, Prometheus SDKs",Prometheus relabeling rules or record evaluations,Neither easy nor difficult,,Technology,Expert - Having a well-established observability practice,1000+ employees,Yes,Yes
5/19/2026 20:12:52,No,,,,,,,,,,,,,,
5/20/2026 0:04:27,Yes,Prometheus,DevOps,,"Prometheus exporters, I don’t know",,I don’t know,"Nothing, it goes to storage right away",Somewhat difficult,,Technology,Intermediate - Setting up an observability practice,1-49 employees,No,No
5/20/2026 15:52:00,Yes,Prometheus,Dev,,"OTel receivers, OpenTelemetry eBPF Instrumentation (a.k.a. OBI)",,OTel SDKs,"Nothing, it goes to storage right away",Very easy,,Other,Intermediate - Setting up an observability practice,100-999 employees,No,No
5/20/2026 17:18:19,No,,,,,,,,,,,,,,
5/21/2026 0:38:13,Yes,"A backend not associated with Prometheus, not compatible with PromQL",,,,,,,,,,,,,
5/21/2026 8:10:48,No,,,,,,,,,,,,,,
5/21/2026 10:39:05,No,,,,,,,,,,,,,,
5/21/2026 13:24:17,No,,,,,,,,,,,,,,
5/21/2026 13:34:27,Yes,Prometheus-compatible (or PromQL compatible) backend from a vendor,DevOps,,"OTel receivers, Prometheus exporters, Built-in /metrics endpoint (without exporter)",,OTel SDKs,"Prometheus relabeling rules or record evaluations, Open source OTel Collector (core, contrib), Custom-built OTel Collector built with OCB, Vendor distribution of OTel Collector",Neither easy nor difficult,,Technology,Intermediate - Setting up an observability practice,100-999 employees,No,No
5/21/2026 14:23:32,No,,,,,,,,,,,,,,
5/21/2026 14:51:05,Yes,Prometheus,Dev,,"Prometheus exporters, Telegraf",,Prometheus SDKs,Prometheus relabeling rules or record evaluations,Somewhat easy,,Technology,Expert - Having a well-established observability practice,1000+ employees,No,No
5/21/2026 16:29:30,No,,,,,,,,,,,,,,
5/21/2026 18:07:29,Yes,"Open-source Prometheus backend (Thanos, Cortex, Grafana Mimir)",Observability,,"OTel receivers, Prometheus exporters, Built-in /metrics endpoint (without exporter)",,I don't collect application metrics,Prometheus relabeling rules or record evaluations,Somewhat easy,,Technology,Expert - Having a well-established observability practice,1000+ employees,No,No
5/21/2026 22:52:10,No,,,,,,,,,,,,,,
5/22/2026 7:28:37,Yes,Prometheus-compatible (or PromQL compatible) backend from a vendor,Sysadmin,,"Prometheus exporters, Built-in /metrics endpoint (without exporter)",,I don't collect application metrics,Prometheus relabeling rules or record evaluations,Neither easy nor difficult,,Technology,Expert - Having a well-established observability practice,1-49 employees,No,No
5/22/2026 7:40:45,Yes,"Open-source Prometheus backend (Thanos, Cortex, Grafana Mimir)",SRE,,"OTel receivers, Prometheus exporters",,"OTel SDKs, Prometheus SDKs","Nothing, it goes to storage right away",Neither easy nor difficult,,Technology,Expert - Having a well-established observability practice,100-999 employees,No,No
5/22/2026 10:07:04,No,,,,,,,,,,,,,,
5/23/2026 12:41:23,Yes,Prometheus-compatible (or PromQL compatible) backend from a vendor,Sysadmin,,OpenTelemetry eBPF Instrumentation (a.k.a. OBI),,OpenTelemetry eBPF Instrumentation (a.k.a. OBI),"Nothing, it goes to storage right away",Somewhat easy,,Other,Beginner - Learning about observability / Have used monitoring tools,1-49 employees,No,Yes
5/23/2026 21:15:24,Yes,Prometheus,DevOps,,"Prometheus exporters, Built-in /metrics endpoint (without exporter)",,"OTel SDKs, Prometheus SDKs","Nothing, it goes to storage right away",Neither easy nor difficult,,Technology,Intermediate - Setting up an observability practice,1-49 employees,No,Yes
5/24/2026 0:56:28,Yes,"Open-source Prometheus backend (Thanos, Cortex, Grafana Mimir)",Sysadmin,,I don’t know,,I don’t know,"Open source OTel Collector (core, contrib)",Neither easy nor difficult,,Other,Beginner - Learning about observability / Have used monitoring tools,1-49 employees,Yes,Yes
5/24/2026 8:44:37,No,,,,,,,,,,,,,,
5/24/2026 13:18:18,Yes,VictoriaMetrics,,,,,,,,,,,,,
5/25/2026 11:38:07,Yes,Prometheus-compatible (or PromQL compatible) backend from a vendor,Observability,,"OTel receivers, Prometheus exporters, Built-in /metrics endpoint (without exporter), OpenTelemetry eBPF Instrumentation (a.k.a. OBI)",,"OTel SDKs, OpenTelemetry eBPF Instrumentation (a.k.a. OBI)","Prometheus relabeling rules or record evaluations, Open source OTel Collector (core, contrib)",Somewhat difficult,,Other,Expert - Having a well-established observability practice,1000+ employees,Yes,No
5/25/2026 15:06:27,No,,,,,,,,,,,,,,
5/26/2026 9:00:24,No,,,,,,,,,,,,,,