Timestamp,1. How large is your organization?,2.  What industry do you work in?,3.  What type of team do you work on?,4.  Do you work for an Observability or APM vendor?,5.  Are you running OpenTelemetry in Production?,6.  Where in your Observability journey is your organization?,1. How many Collectors do you run in your organization?,2. Where do you deploy your Collectors? (select all that apply),3. What Kubernetes deployment scenarios do you use your Collectors in? (select all that apply),4. How do you deploy the OTel Collector on Kubernetes??,5. Do you build your own Collector distribution?,6. Do you use the OTel Collector Builder to build your own OTel Collector distribution?,7. How easy do you find it to build your own OTel Collector distributions with the Collector Builder?,8. Do you monitor your Collectors using internal Collector telemetry?,"9. If you monitor your Collectors, what telemetry do you collect when monitoring them? (select all that apply)",10. Which of the following Exporters do you use? (select all that apply),11. Which of the following Receivers do you use? (select all that apply),12. Which of the following processors do you use? (select all that apply),13. Which of the following connectors do you use? (select all that apply),14. Which of the following extensions do you use? (select all that apply),15. What kind of improvement would you most like to see for the Collector?,1. Have you used the Collector documentation on opentelemetry.io?,"2. Overall, how satisfied are you with the Collector documentation on opentelemetry.io?","3. If you could improve one part of the Collector documentation, what would it be and why?"
8/1/2025 14:46:09,1000+ employees,Travel & Leisure,Platform Engineering,No,Yes,Expert - We have a well-established observability practice,More than 1000,"Kubernetes, Virtual Machine (VM)","On every host (i.e k8s daemonset), As a gateway (i.e. k8s deployment)",OTel Collector Helm Chart,No,No,1,Yes,"Logs, Metrics",otlpexporter,"apachesparkreceiver, filelogreceiver, githubreceiver, hostmetricsreceiver, k8sclusterreceiver, k8seventsreceiver, kubeletstatsreceiver, otlpreceiver, prometheusreceiver, snmpreceiver, zipkinreceiver","attributesprocessor, batchprocessor, cumulativetodeltaprocessor, filterprocessor, groupbyattrsprocessor, k8sattributesprocessor, memorylimiterprocessor, metricstransformprocessor, resourceprocessor, spanprocessor, transformprocessor",spanmetricsconnector,"healthcheckextension, healthcheckv2extension, pprofextension, zpages","Stability, Configuration management and resolution",Yes,3,Docs for individual components in opentelemetry.io. Having to jump to GitHub to read about a specific receiver/processor/exporter is very time consuming.
8/1/2025 14:49:22,50-99 employees,Finance,Platform Engineering,No,Yes,Beginner - Learning about observability / Have used monitoring tools,Between 2 and 5,"Docker Compose, AWS ECS",I don't deploy any Collectors to Kubernetes,I don't deploy the OTel Collector on Kubernetes,No,No,,No,,"awscloudwatchlogsexporter, awsxrayexporter, debugexporter, loggingexporter, otlpexporter, otlphttpexporter, prometheusexporter","awscloudwatchreceiver, awsxrayreceiver, otlpreceiver","attributesprocessor, coralogixprocessor, dnslookupprocessor, filterprocessor, memorylimiterprocessor, spanprocessor",otlpjsonconnector,"healthcheckextension, sigv4authextension, zpages",Aws X-ray interoperability ,Yes,4,
8/1/2025 14:51:35,1000+ employees,Customer Experience,DevOps,No,Yes,Expert - We have a well-established observability practice,Between 11 and 100,Kubernetes,"On every host (i.e k8s daemonset), As a gateway (i.e. k8s deployment)",via Helm using Terraform,No,No,,Yes,"Logs, Metrics","otlpexporter, otlphttpexporter",otlpreceiver,"attributesprocessor, batchprocessor, filterprocessor, spanmetricsprocessor",spanmetricsconnector,"healthcheckextension, zpages","Stability, Collector observability",Yes,4,More detailed and better structured examples
8/1/2025 15:00:35,1000+ employees,Technology,Observability,No,Yes,Expert - We have a well-established observability practice,Between 11 and 100,Kubernetes,"On every host (i.e k8s daemonset), As a gateway (i.e. k8s deployment), In a stateful scenario (ie k8s statefulset)",OTel Operator,Yes,Yes,3,Yes,"Logs, Metrics","alertmanagerexporter, awss3exporter, clickhouseexporter, elasticsearchexporter, kafkaexporter, loggingexporter, opensearchexporter, syslogexporter","awss3receiver, elasticsearchreceiver, filelogreceiver, hostmetricsreceiver, jmxreceiver, k8sclusterreceiver, k8seventsreceiver, k8slogreceiver, k8sobjectsreceiver, kafkametricsreceiver, kafkareceiver, kubeletstatsreceiver, otlpjsonfilereceiver, otlpreceiver, prometheusreceiver, syslogreceiver, tcplogreceiver","attributesprocessor, batchprocessor, k8sattributesprocessor, logdedupprocessor, logstransformprocessor, metricstransformprocessor","routingconnector, signaltometricsconnector","basicauthextension, oauth2clientauthextension, oidcauthextension","Support for more receivers or exporters, consistent signal support ",Yes,4,more tangible concrete examples 
8/1/2025 15:03:11,1-49 employees,Technology,SRE,No,Yes,Expert - We have a well-established observability practice,Between 11 and 100,Kubernetes,"On every host (i.e k8s daemonset), As a gateway (i.e. k8s deployment), In a stateful scenario (ie k8s statefulset)",OTel Collector Helm Chart,No,No,4,Yes,"Logs, Metrics","otlpexporter, otlphttpexporter","filelogreceiver, otlpreceiver, sqlqueryreceiver","attributesprocessor, batchprocessor, deltatorateprocessor, filterprocessor, logstransformprocessor, memorylimiterprocessor, routingprocessor, tailsamplingprocessor","countconnector, routingconnector","filestorage, headerssetterextension",Stability,Yes,4,Otlp transform language tutorial and correlation 
8/1/2025 15:04:33,1-49 employees,Technology,Dev,Yes,Yes,Expert - We have a well-established observability practice,More than 1000,"Kubernetes, Virtual Machine (VM), Docker Compose","On every host (i.e k8s daemonset), As a gateway (i.e. k8s deployment)",Other Helm Chart (e.g. vendor's),Yes,Yes,5,Yes,"Logs, Metrics","clickhouseexporter, otlpexporter, otlphttpexporter","filelogreceiver, otlpreceiver","attributesprocessor, batchprocessor, k8sattributesprocessor, memorylimiterprocessor, probabilisticsamplerprocessor, resourceprocessor, routingprocessor, spanmetricsprocessor","routingconnector, servicegraphconnector, spanmetricsconnector","healthcheckextension, pprofextension",Stability,Yes,5,Using OCB
8/1/2025 15:08:06,100-999 employees,Technology,Platform Engineering,No,No,Intermediate - We are setting up an observability practice,Between 101 and 1000,Kubernetes,"On every host (i.e k8s daemonset), As a gateway (i.e. k8s deployment), In a stateful scenario (ie k8s statefulset)",Other Helm Chart (e.g. vendor's),No,No,3,Yes,Metrics,"otlpexporter, prometheusremotewriteexporter","filelogreceiver, prometheusreceiver","batchprocessor, k8sattributesprocessor",na,filestorage,"Stability, documentation",Yes,2,
8/1/2025 15:22:56,100-999 employees,Finance,DevOps,No,Yes,Intermediate - We are setting up an observability practice,Between 2 and 5,"Docker Compose, Azure Container Instance",I don't deploy any Collectors to Kubernetes,I don't deploy the OTel Collector on Kubernetes,No,No,,No,,otlpexporter,otlpreceiver,"attributesprocessor, batchprocessor, filterprocessor, memorylimiterprocessor, spanprocessor",routingconnector,"healthcheckextension, zpages","Collector observability, Configuration management and resolution",Yes,4,Debugging and configuration management 
8/1/2025 16:00:44,100-999 employees,Finance,SRE,No,Yes,Beginner - Learning about observability / Have used monitoring tools,Between 6 and 10,Virtual Machine (VM),I don't deploy any Collectors to Kubernetes,I don't deploy the OTel Collector on Kubernetes,No,No,3,No,"Logs, Metrics, Traces",otlpexporter,"awscloudwatchreceiver, cloudflarereceiver, jmxreceiver, journaldreceiver",batchprocessor,countconnector,storage,Stability,Yes,4,
8/1/2025 16:54:56,1000+ employees,Hospitality,SRE,No,No,Intermediate - We are setting up an observability practice,Between 6 and 10,"Kubernetes, Virtual Machine (VM)","On every host (i.e k8s daemonset), As a gateway (i.e. k8s deployment), In a stateful scenario (ie k8s statefulset)",OTel Operator,Yes,Yes,1,Yes,"Logs, Metrics","kafkaexporter, loadbalancingexporter, otlpexporter, otlphttpexporter","collectdreceiver, filelogreceiver, githubreceiver, hostmetricsreceiver, journaldreceiver, k8sclusterreceiver, k8seventsreceiver, k8slogreceiver, k8sobjectsreceiver, kafkareceiver, kubeletstatsreceiver, otlpreceiver, prometheusreceiver","attributesprocessor, batchprocessor, filterprocessor, groupbyattrsprocessor, k8sattributesprocessor, logdedupprocessor, memorylimiterprocessor, redactionprocessor, resourceprocessor, routingprocessor, schemaprocessor, tailsamplingprocessor","countconnector, failoverconnector, routingconnector","basicauthextension, bearertokenauthextension",Configuration management and resolution,Yes,5,
8/1/2025 16:58:48,1000+ employees,Maritime transport,Observability,No,Yes,Intermediate - We are setting up an observability practice,Between 101 and 1000,"Kubernetes, Bare Metal, AWS ECS","Next to my application (i.e. k8s sidecar), As a gateway (i.e. k8s deployment)",OTel Operator,Yes,Yes,4,Yes,"Logs, Metrics, Traces","awss3exporter, datadogexporter, otlpexporter, otlphttpexporter","awss3receiver, hostmetricsreceiver, kafkareceiver, otlpreceiver","attributesprocessor, batchprocessor, datadogprocessor, datadogsemanticsprocessor, deltatorateprocessor, probabilisticsamplerprocessor, spanprocessor, transformprocessor",datadogconnector,datadogextension,"Stability, Collector observability, Configuration management and resolution, Support for more receivers or exporters",Yes,4,
8/1/2025 17:04:43,1000+ employees,Technology,Dev,Yes,Yes,Intermediate - We are setting up an observability practice,Between 2 and 5,"Virtual Machine (VM), Bare Metal",I don't deploy any Collectors to Kubernetes,I don't deploy the OTel Collector on Kubernetes,No,No,3,Yes,"Logs, Metrics","kafkaexporter, loggingexporter, lokiexporter, otlphttpexporter","filelogreceiver, lokireceiver, windowsservicereceiver","batchprocessor, memorylimiterprocessor, resourcedetectionprocessor, resourceprocessor",none,"filestorage, healthcheckextension","Collector observability, Support for more receivers or exporters",Yes,4,"more examples for automatic instrumentation, as we are facing adoption issues, so could help out users"
8/1/2025 17:06:45,1000+ employees,Finance,Observability,No,No,Expert - We have a well-established observability practice,Between 2 and 5,"Kubernetes, Virtual Machine (VM)","Next to my application (i.e. k8s sidecar), On every host (i.e k8s daemonset)",OTel Collector Helm Chart,No,No,5,No,,"debugexporter, splunkhecexporter","filelogreceiver, kafkareceiver, prometheusreceiver, vcenterreceiver","attributesprocessor, filterprocessor",I donnt use connetors yet,Don’t use extensions for now,"Collector observability, Configuration management and resolution, Deployment on hight scale. And conf management",Yes,2,More complexe example like in the otel github
8/1/2025 17:07:02,1000+ employees,Technology,Observability,No,Yes,Expert - We have a well-established observability practice,Between 101 and 1000,Virtual Machine (VM),I don't deploy any Collectors to Kubernetes,We don't deploy to k8s,Yes,Yes,1,Yes,"Logs, Metrics, Traces","fileexporter, otlpexporter, prometheusexporter, prometheusremotewriteexporter, splunkhecexporter",otlpreceiver,"batchprocessor, filterprocessor, memorylimiterprocessor, transformprocessor",none,pprofextension,"Stability, Configuration management and resolution, Partial restarts. Single pipeline reconfiguration and restarts without the need to break other connections and pipelines. The whole collector should not be restarted if a single pipeline needs to be changed.",Yes,5,I'm really satisfied with the docs. They have good structure and I'm able to find everything I need. Keep up the great work :)
8/1/2025 17:55:41,1000+ employees,Finance,Observability,Yes,Yes,Intermediate - We are setting up an observability practice,More than 1000,"Kubernetes, Virtual Machine (VM)",As a gateway (i.e. k8s deployment),OTel Collector Helm Chart,Yes,Yes,3,Yes,"Logs, Metrics","debugexporter, otlphttpexporter, prometheusremotewriteexporter","filelogreceiver, hostmetricsreceiver, k8sclusterreceiver, otlpreceiver, prometheusreceiver","attributesprocessor, batchprocessor, filterprocessor, k8sattributesprocessor, memorylimiterprocessor, resourcedetectionprocessor",Na,"filestorage, sigv4authextension","Collector observability, Configuration management and resolution, Support for more receivers or exporters, Mainframe receiver",Yes,4,Creating custom reciver and exporter tutor
8/1/2025 18:04:59,1000+ employees,Agriculture,Architecture,No,Yes,Intermediate - We are setting up an observability practice,Between 6 and 10,"Kubernetes, Virtual Machine (VM), Bare Metal, Docker on my desktop",In a stateful scenario (ie k8s statefulset),Kubernetes manifests,No,No,,No,,"googlecloudexporter, otlphttpexporter","elasticsearchreceiver, filelogreceiver, filereceiver, filestatsreceiver, googlecloudpubsubreceiver, otlpreceiver, sqlqueryreceiver, tcpcheckreceiver, tlscheckreceiver","batchprocessor, logdedupprocessor, memorylimiterprocessor, spanmetricsprocessor, spanprocessor, tailsamplingprocessor",otlpjsonconnector,"googleclientauthextension, filestorage","Collector observability, Support for more receivers or exporters",Yes,4,
8/1/2025 18:20:43,1000+ employees,Big Data,Platform Engineering,Yes,Yes,Expert - We have a well-established observability practice,I don't know,"Kubernetes, Virtual Machine (VM), Docker on my desktop, Docker Compose","Next to my application (i.e. k8s sidecar), On every host (i.e k8s daemonset), As a gateway (i.e. k8s deployment)",OTel Collector Helm Chart,Yes,Yes,1,No,,"elasticsearchexporter, fileexporter, kafkaexporter, otlpexporter, otlphttpexporter","elasticsearchreceiver, hostmetricsreceiver, k8sclusterreceiver, k8seventsreceiver, k8slogreceiver, k8sobjectsreceiver, otlpreceiver","attributesprocessor, batchprocessor, cumulativetodeltaprocessor, filterprocessor, geoipprocessor, k8sattributesprocessor, logstransformprocessor, resourceprocessor, spanmetricsprocessor, spanprocessor","signaltometricsconnector, spanmetricsconnector","googleclientauthextension, httpforwarderextension",Configuration management and resolution,Yes,4,
8/1/2025 18:44:28,1000+ employees,Finance,SRE,No,Yes,Intermediate - We are setting up an observability practice,Between 101 and 1000,Kubernetes,"On every host (i.e k8s daemonset), As a gateway (i.e. k8s deployment)",OTel Collector Helm Chart,Yes,Yes,5,Yes,"Logs, Metrics","awss3exporter, kafkaexporter, loadbalancingexporter, opensearchexporter, otlphttpexporter, prometheusremotewriteexporter","jaegerreceiver, kafkareceiver, otlpreceiver, sapmreceiver","attributesprocessor, batchprocessor, k8sattributesprocessor, memorylimiterprocessor, spanmetricsprocessor, tailsamplingprocessor",spanmetricsconnector,"basicauthextension, healthcheckextension","Collector observability, Configuration management and resolution",Yes,3,Added more user cases to complex environment.
8/1/2025 18:49:33,1000+ employees,Finance,SRE,Yes,No,Intermediate - We are setting up an observability practice,None,No collectors available ,I don't deploy any Collectors to Kubernetes,I don't deploy the OTel Collector on Kubernetes,Yes,Yes,3,Yes,"Logs, Metrics, Traces","datadogexporter, kafkaexporter, otlphttpexporter, prometheusexporter, prometheusremotewriteexporter",kafkareceiver,"batchprocessor, memorylimiterprocessor, probabilisticsamplerprocessor","datadogconnector, spanmetricsconnector",zpages,"Stability, Collector observability, Documentación en Español, Mejorar proceso de ingreso para nuevos desarrolladores que queremos participar, presentaciones y charlas en YouTube para evangelizar en empresas",Yes,2,"Documentación en Español y con ejemplos claros y funcionales, utilizando los últimos frameworks y lenguajes de programación. "
8/1/2025 19:25:40,50-99 employees,Technology,Platform Engineering,No,Yes,Intermediate - We are setting up an observability practice,Between 11 and 100,"Virtual Machine (VM), AWS Lambda",I don't deploy any Collectors to Kubernetes,I don't deploy the OTel Collector on Kubernetes,No,No,,No,,"debugexporter, otlpexporter","hostmetricsreceiver, mongodbreceiver, otlpreceiver","batchprocessor, filterprocessor, memorylimiterprocessor, transformprocessor",None,healthcheckextension,Faster startup time,No,3,Startup performance in aws lambda
8/1/2025 19:33:49,1000+ employees,Cloud services,Architecture,Yes,Yes,Expert - We have a well-established observability practice,I don't know,"Kubernetes, Virtual Machine (VM), Bare Metal",On every host (i.e k8s daemonset),OTel Collector Helm Chart,No,No,3,Yes,"Logs, Metrics, Traces","datadogexporter, fileexporter, loadbalancingexporter, otlpexporter, otlphttpexporter","filereceiver, hostmetricsreceiver, otlpreceiver, prometheusreceiver","attributesprocessor, batchprocessor, cumulativetodeltaprocessor, datadogprocessor, filterprocessor, k8sattributesprocessor, memorylimiterprocessor, probabilisticsamplerprocessor, redactionprocessor, resourcedetectionprocessor, resourceprocessor, tailsamplingprocessor","datadogconnector, routingconnector, spanmetricsconnector","datadogextension, healthcheckextension, storage",Collector observability,Yes,3,More comprehensive examples
8/1/2025 20:12:21,50-99 employees,Technology,Platform Engineering,No,Yes,Intermediate - We are setting up an observability practice,Between 2 and 5,"Kubernetes, Virtual Machine (VM)","On every host (i.e k8s daemonset), As a gateway (i.e. k8s deployment)",OTel Collector Helm Chart,No,No,,No,Metrics,"clickhouseexporter, otlpexporter, otlphttpexporter","filelogreceiver, k8sclusterreceiver, k8seventsreceiver, k8slogreceiver","attributesprocessor, batchprocessor, k8sattributesprocessor, logstransformprocessor, memorylimiterprocessor",otlpjsonconnector,Not sure,"Stability, Configuration management and resolution",Yes,3,Better sections in the documentation and more examples. Also the sdks docs can be separate pages and have more details and examples
8/1/2025 20:13:47,1000+ employees,Technology,Observability,Yes,Yes,Beginner - Learning about observability / Have used monitoring tools,1,"Kubernetes, Virtual Machine (VM), Docker on my desktop, Docker Compose","In a stateful scenario (ie k8s statefulset), I don't deploy any Collectors to Kubernetes",OTel Operator,Yes,Yes,5,Yes,"Logs, Metrics",splunkhecexporter,"splunkenterprisereceiver, splunkhecreceiver",batchprocessor,otlpjsonconnector,httpforwarderextension,"Stability, Collector observability, Configuration management and resolution, Support for more receivers or exporters",Yes,2,
8/1/2025 20:23:16,1000+ employees,Technology,Observability,No,Yes,Expert - We have a well-established observability practice,Between 101 and 1000,Kubernetes,"As a gateway (i.e. k8s deployment), In a stateful scenario (ie k8s statefulset)",Kubernetes manifests,No,No,3,Yes,"Logs, Metrics","awss3exporter, datadogexporter, debugexporter, otlpexporter","datadogreceiver, hostmetricsreceiver, otelarrowreceiver, otlpreceiver, statsdreceiver","attributesprocessor, batchprocessor, filterprocessor, groupbyattrsprocessor, k8sattributesprocessor, memorylimiterprocessor, probabilisticsamplerprocessor, resourcedetectionprocessor, spanprocessor, tailsamplingprocessor","datadogconnector, failoverconnector","filestorage, healthcheckextension, pprofextension, storage, zpages",Configuration management and resolution,Yes,3,Scaling documentation
8/1/2025 22:18:57,1000+ employees,Automotive,DevOps,No,Yes,Expert - We have a well-established observability practice,More than 1000,"Virtual Machine (VM), ",I don't deploy any Collectors to Kubernetes,I don't deploy the OTel Collector on Kubernetes,Yes,Yes,2,Yes,"Logs, Metrics, Traces","datadogexporter, fileexporter, otelarrowexporter",otelarrowreceiver,"attributesprocessor, batchprocessor, datadogprocessor, datadogsemanticsprocessor, datatocumulativeprocessor, filterprocessor, metricstransformprocessor, resourceprocessor, routingprocessor, spanprocessor",datadogconnector,"datadogextension, filestorage, healthcheckextension, healthcheckv2extension, oauth2clientauthextension, oidcauthextension, opampcustommessages, opampextension, pprofextension, storage, zpages","Stability, Configuration management and resolution, Android support, eBPF (profile) support, performance, ",Yes,3,"Scalability, performance tuning"
8/1/2025 22:47:04,1000+ employees,Technology,Observability,No,Yes,Expert - We have a well-established observability practice,More than 1000,"Kubernetes, Virtual Machine (VM), Bare Metal, Docker on my desktop, Docker Compose","On every host (i.e k8s daemonset), As a gateway (i.e. k8s deployment)",OTel Collector Helm Chart,Yes,No,3,Yes,Metrics,"kafkaexporter, loadbalancingexporter, otlpexporter, otlphttpexporter","otlpjsonfilereceiver, otlpreceiver, zipkinreceiver","attributesprocessor, batchprocessor, cumulativetodeltaprocessor, filterprocessor, groupbyattrsprocessor, memorylimiterprocessor, spanmetricsprocessor, tailsamplingprocessor, ",spanmetricsconnector,healthcheckextension,Configuration management and resolution,Yes,5,
8/1/2025 23:31:12,1000+ employees,Technology,SRE,No,Yes,Expert - We have a well-established observability practice,More than 1000,"Kubernetes, Virtual Machine (VM), Docker on my desktop","On every host (i.e k8s daemonset), As a gateway (i.e. k8s deployment)",Other Helm Chart (e.g. vendor's),Yes,No,,Yes,"Logs, Metrics","datadogexporter, debugexporter, elasticsearchexporter, fileexporter, googlecloudpubsubexporter, googlemanagedprometheusexporter, otlpexporter","dockerstatsreceiver, elasticsearchreceiver, filelogreceiver, filestatsreceiver, googlecloudpubsubreceiver, hostmetricsreceiver, journaldreceiver, k8sclusterreceiver, k8sobjectsreceiver, kubeletstatsreceiver, otlpreceiver, postgresqlreceiver, prometheusreceiver, sqlqueryreceiver, custom ones","batchprocessor, datadogprocessor, filterprocessor, k8sattributesprocessor, memorylimiterprocessor, metricstarttimeprocessor, probabilisticsamplerprocessor, redactionprocessor, resourcedetectionprocessor, resourceprocessor, transformprocessor, custom ones","otlpjsonconnector, custom ones","googleclientauthextension, filestorage, healthcheckextension, zpages","Stability, Collector observability",Yes,3,"it's hit and miss, oftentimes the documentation links to github repos which then links to ... doesn't make it easy on users at least"
8/2/2025 4:21:27,1-49 employees,Technology,Observability,Yes,No,Beginner - Learning about observability / Have used monitoring tools,Between 2 and 5,"Kubernetes, Docker Compose","Next to my application (i.e. k8s sidecar), On every host (i.e k8s daemonset), As a gateway (i.e. k8s deployment)",OTel Operator,No,No,5,No,,"clickhouseexporter, otlphttpexporter",k8sclusterreceiver,"attributesprocessor, batchprocessor, memorylimiterprocessor",NA,basicauthextension,"Collector observability, Configuration management and resolution, Support for more receivers or exporters",Yes,3,"Semantic Conversations Topic, because there is no proper examples for it how to do it in learning phase"
8/2/2025 6:41:18,1000+ employees,Technology,Dev,No,Yes,Expert - We have a well-established observability practice,I don't know,"Kubernetes, Virtual Machine (VM), Bare Metal",In a stateful scenario (ie k8s statefulset),Juju charm,Yes,Yes,2,Yes,Metrics,"debugexporter, lokiexporter, otlphttpexporter, prometheusexporter, prometheusremotewriteexporter","filelogreceiver, lokireceiver, podmanreceiver",transformprocessor,.,filestorage,Collector observability,Yes,3,
8/2/2025 7:57:41,1000+ employees,Finance,DevOps,No,Yes,Expert - We have a well-established observability practice,Between 101 and 1000,Virtual Machine (VM),I don't deploy any Collectors to Kubernetes,I don't deploy the OTel Collector on Kubernetes,No,No,,Yes,Metrics,"lokiexporter, otlpexporter, otlphttpexporter, prometheusexporter","awscloudwatchreceiver, filelogreceiver, hostmetricsreceiver, httpcheckreceiver, oracledbreceiver, otlpreceiver, prometheusreceiver, sqlqueryreceiver, syslogreceiver","attributesprocessor, batchprocessor, filterprocessor, memorylimiterprocessor, metricstransformprocessor, resourcedetectionprocessor, transformprocessor","None, because organization is on older version of collector",healthcheckextension,"Configuration management and resolution, In my current company I am using standalone Cloudwatch exporter container for AWS CloudWatch Metrics because awscloudwatchmetricsreceiver has no maintainers.",Yes,4,
8/2/2025 8:19:46,1000+ employees,Finance,Observability,No,Yes,Expert - We have a well-established observability practice,Between 101 and 1000,"Kubernetes, GCP Cloud Run","Next to my application (i.e. k8s sidecar), As a gateway (i.e. k8s deployment)",OTel Operator,Yes,Yes,1,Yes,Metrics,"clickhouseexporter, debugexporter, fileexporter, googlecloudexporter, googlecloudpubsubexporter, googlemanagedprometheusexporter, loadbalancingexporter, otelarrowexporter, otlpexporter, otlphttpexporter, prometheusremotewriteexporter, splunkhecexporter","filelogreceiver, githubreceiver, googlecloudpubsubreceiver, googlecloudspannerreceiver, hostmetricsreceiver, k8sclusterreceiver, k8seventsreceiver, k8slogreceiver, k8sobjectsreceiver, kafkareceiver, otelarrowreceiver, otlpjsonfilereceiver, otlpreceiver, prometheusreceiver, zipkinreceiver","attributesprocessor, batchprocessor, cumulativetodeltaprocessor, groupbyattrsprocessor, probabilisticsamplerprocessor, redactionprocessor, resourcedetectionprocessor, routingprocessor, spanmetricsprocessor, tailsamplingprocessor, transformprocessor","countconnector, exceptionsconnector, routingconnector, servicegraphconnector, spanmetricsconnector","bearertokenauthextension, googleclientauthextension, healthcheckextension, oauth2clientauthextension, oidcauthextension, zpages",Stability,Yes,5,More examples and use cases. Ie how to build a sampling solution using best practices 
8/2/2025 12:25:14,100-999 employees,Technology,Platform Engineering,No,Yes,Intermediate - We are setting up an observability practice,More than 1000,Kubernetes,"On every host (i.e k8s daemonset), As a gateway (i.e. k8s deployment)",Kubernetes manifests,No,No,,Yes,"Logs, Metrics","datadogexporter, loadbalancingexporter, otlpexporter, otlphttpexporter","jaegerreceiver, otlpreceiver, statsdreceiver","attributesprocessor, batchprocessor, k8sattributesprocessor, memorylimiterprocessor, metricstransformprocessor, tailsamplingprocessor, transformprocessor",datadogconnector,"basicauthextension, cgroupruntimeextension, datadogextension","Stability, Collector observability, Configuration management and resolution, Support for more receivers or exporters",Yes,2,
8/2/2025 12:53:34,1000+ employees,Technology,Platform Engineering,No,Yes,Expert - We have a well-established observability practice,Between 101 and 1000,Kubernetes,On every host (i.e k8s daemonset),OTel Operator,No,No,,Yes,"Logs, Metrics, Traces","awscloudwatchlogsexporter, awsemfexporter, otlphttpexporter, prometheusremotewriteexporter","filelogreceiver, otlpreceiver, prometheusreceiver","attributesprocessor, batchprocessor, k8sattributesprocessor, spanprocessor",spanmetricsconnector,zpages,"Configuration management and resolution, More extensibility of existing pipelines. Base pipeline for everything which can be extended by CRs",Yes,4,
8/2/2025 13:51:04,1000+ employees,Technology,Platform Engineering,No,Yes,Expert - We have a well-established observability practice,More than 1000,Kubernetes,"On every host (i.e k8s daemonset), As a gateway (i.e. k8s deployment)",OTel Collector Helm Chart,Yes,Yes,3,Yes,"Logs, Metrics","debugexporter, otlpexporter, otlphttpexporter, prometheusremotewriteexporter","filelogreceiver, influxdbreceiver, k8sobjectsreceiver, otlpreceiver, prometheusreceiver, webhookeventreceiver","attributesprocessor, batchprocessor, filterprocessor, k8sattributesprocessor, metricstransformprocessor, resourceprocessor, spanprocessor, transformprocessor",None,"basicauthextension, filestorage, healthcheckv2extension","Collector observability, Testing/debugging support",Yes,2,More examplesin general- e.g. of OTTL
8/2/2025 13:58:24,1000+ employees,Finance,SRE,Yes,Yes,Expert - We have a well-established observability practice,More than 1000,"Kubernetes, Virtual Machine (VM)","Next to my application (i.e. k8s sidecar), On every host (i.e k8s daemonset), As a gateway (i.e. k8s deployment)",OTel Collector Helm Chart,No,No,5,Yes,"Logs, Metrics","debugexporter, elasticsearchexporter, kafkaexporter, loadbalancingexporter, loggingexporter, otlpexporter, otlphttpexporter, prometheusexporter, prometheusremotewriteexporter, rabbitmqexporter, syslogexporter","activedirectorydsreceiver, apachereceiver, apachesparkreceiver, awscloudwatchmetricsreceiver, awscloudwatchreceiver, awscontainerinsightreceiver, awsecscontainermetricsreceiver, awsfirehosereceiver, awss3receiver, awsxrayreceiver, azureblobreceiver, azureeventhubreceiver, azuremonitorreceiver, cloudflarereceiver, collectdreceiver, dockerstatsreceiver, elasticsearchreceiver, envoyalsreceiver, filelogreceiver, filereceiver, filestatsreceiver, gitlabreceiver, gitproviderreceiver, haproxyreceiver, hostmetricsreceiver, httpcheckreceiver, iisreceiver, jmxreceiver, journaldreceiver, k8sclusterreceiver, k8seventsreceiver, k8slogreceiver, k8sobjectsreceiver, kafkametricsreceiver, kafkareceiver, kubeletstatsreceiver, lokireceiver, memcachedreceiver, mongodbatlasreceiver, mongodbreceiver, mysqlreceiver, namedpipereceiver, netflowreceiver, nginxreceiver, oracledbreceiver, osqueryreceiver, otlpjsonfilereceiver, otlpreceiver, podmanreceiver, postgresqlreceiver, prometheusreceiver, prometheusremotewritereceiver, rabbitmqreceiver, redisreceiver, snmpreceiver, snowflakereceiver, sqlqueryreceiver, sqlserverreceiver, sshcheckreceiver, statsdreceiver, syslogreceiver, systemdreceiver, tcpcheckreceiver, tcplogreceiver, udplogreceiver, webhookeventreceiver, windowseventlogreceiver, windowsperfcountersreceiver, windowsservicereceiver","attributesprocessor, batchprocessor, cumulativetodeltaprocessor, filterprocessor, groupbyattrsprocessor, groupbytraceprocessor, k8sattributesprocessor, logstransformprocessor, memorylimiterprocessor, metricstransformprocessor, resourcedetectionprocessor, resourceprocessor, spanmetricsprocessor, spanprocessor, transformprocessor",otlpjsonconnector,"awsproxy, azureauthextension, basicauthextension, bearertokenauthextension, cgroupruntimeextension, encoding, filestorage, headerssetterextension, healthcheckextension, healthcheckv2extension, k8sleaderelector, oauth2clientauthextension, opampcustommessages, opampextension","Stability, Collector observability, Configuration management and resolution, Support for more receivers or exporters",Yes,2,Examples of correct usage and application. Github issues contains more info and documentation is not updated. 
8/2/2025 16:10:05,1000+ employees,Technology,Observability,No,Yes,Expert - We have a well-established observability practice,More than 1000,"Kubernetes, Virtual Machine (VM), Bare Metal","Next to my application (i.e. k8s sidecar), On every host (i.e k8s daemonset)",Kubernetes manifests,Yes,No,,Yes,"Logs, Metrics","clickhouseexporter, otlpexporter","awscloudwatchmetricsreceiver, awscloudwatchreceiver, awsfirehosereceiver, chronyreceiver, filereceiver, hostmetricsreceiver, jmxreceiver, kafkametricsreceiver, otlpreceiver, prometheusreceiver, prometheusremotewritereceiver","attributesprocessor, cumulativetodeltaprocessor, spanmetricsprocessor",spanmetricsconnector,None,"Stability, Configuration management and resolution, Backward compatibility ",Yes,2,
8/2/2025 17:00:47,100-999 employees,Finance,Observability,No,Yes,Intermediate - We are setting up an observability practice,Between 6 and 10,AWS ECS,I don't deploy any Collectors to Kubernetes,I don't deploy the OTel Collector on Kubernetes,Yes,No,2,Yes,"Logs, Metrics","awscloudwatchlogsexporter, awskinesisexporter, awss3exporter, debugexporter, opensearchexporter, otlphttpexporter, prometheusexporter","filelogreceiver, hostmetricsreceiver, otlpreceiver, prometheusreceiver, snmpreceiver","attributesprocessor, batchprocessor, filterprocessor, logstransformprocessor, metricstransformprocessor, probabilisticsamplerprocessor, spanmetricsprocessor, tailsamplingprocessor, transformprocessor",otlpjsonconnector,"healthcheckextension, healthcheckv2extension","Stability, Configuration management and resolution",Yes,3,
8/2/2025 17:19:59,1000+ employees,Finance,Platform Engineering,Yes,Yes,Intermediate - We are setting up an observability practice,More than 1000,Virtual Machine (VM),Next to my application (i.e. k8s sidecar),I don't deploy the OTel Collector on Kubernetes,No,No,3,Yes,"Logs, Metrics","influxdbexporter, otlphttpexporter","filelogreceiver, hostmetricsreceiver, iisreceiver, mongodbreceiver, mysqlreceiver, oracledbreceiver, otlpreceiver, postgresqlreceiver, sqlserverreceiver, syslogreceiver, windowseventlogreceiver","attributesprocessor, batchprocessor, logstransformprocessor, resourcedetectionprocessor, resourceprocessor, routingprocessor",routingconnector,"filestorage, healthcheckv2extension","Configuration management and resolution, Support for more receivers or exporters",Yes,4,Need documentation for best use cases. Also how to customise collector for our need
8/2/2025 17:27:49,1000+ employees,Technology,Observability,No,Yes,Intermediate - We are setting up an observability practice,Between 101 and 1000,"Kubernetes, Virtual Machine (VM), Docker on my desktop, Docker Compose","On every host (i.e k8s daemonset), As a gateway (i.e. k8s deployment)",Kubernetes manifests,No,No,1,Yes,Metrics,"clickhouseexporter, kafkaexporter, loadbalancingexporter, otlpexporter, prometheusremotewriteexporter","filereceiver, hostmetricsreceiver, kafkareceiver, otlpreceiver, statsdreceiver","attributesprocessor, batchprocessor, cumulativetodeltaprocessor, filterprocessor, k8sattributesprocessor, memorylimiterprocessor, probabilisticsamplerprocessor, resourcedetectionprocessor, resourceprocessor, routingprocessor, spanmetricsprocessor, tailsamplingprocessor, transformprocessor","countconnector, servicegraphconnector, spanmetricsconnector","healthcheckextension, opampextension","Stability, Collector observability, Configuration management and resolution",Yes,2,Internal telemetry 
8/2/2025 17:29:46,1-49 employees,Retail,DevOps,No,Yes,Intermediate - We are setting up an observability practice,Between 2 and 5,Kubernetes,As a gateway (i.e. k8s deployment),OTel Operator,Yes,Yes,2,Yes,"Logs, Metrics","lokiexporter, otlpexporter, otlphttpexporter, prometheusexporter","azuremonitorreceiver, k8sclusterreceiver, k8seventsreceiver, k8slogreceiver, k8sobjectsreceiver, otlpreceiver","attributesprocessor, batchprocessor, filterprocessor, memorylimiterprocessor, redactionprocessor, resourceprocessor",routingconnector,bearertokenauthextension,"Collector observability, Configuration management and resolution",Yes,4,
8/2/2025 20:02:09,1-49 employees,Technology,Dev,No,Yes,Intermediate - We are setting up an observability practice,1,"Kubernetes, Virtual Machine (VM), Docker Compose",On every host (i.e k8s daemonset),Kubernetes manifests,No,No,1,Yes,"Logs, Metrics, Traces","otlpexporter, otlphttpexporter",otlpreceiver,batchprocessor,None,"basicauthextension, headerssetterextension, healthcheckextension",Support for more receivers or exporters,Yes,5,
8/2/2025 22:53:30,50-99 employees,Finance,Dev,No,Yes,Intermediate - We are setting up an observability practice,Between 2 and 5,"Kubernetes, AWS ECS",Next to my application (i.e. k8s sidecar),Kubernetes manifests,No,No,2,No,,"awscloudwatchlogsexporter, awsxrayexporter","awscloudwatchmetricsreceiver, awscloudwatchreceiver, awscontainerinsightreceiver, awsecscontainermetricsreceiver, awsxrayreceiver","logstransformprocessor, metricstransformprocessor, redactionprocessor","otlpjsonconnector, spanmetricsconnector",awsproxy,Configuration management and resolution,Yes,4,
8/3/2025 4:12:22,1000+ employees,Finance,SRE,No,No,Expert - We have a well-established observability practice,Between 2 and 5,Kubernetes,On every host (i.e k8s daemonset),OTel Collector Helm Chart,No,No,,Yes,"Logs, Metrics, Traces","dynatraceexporter, splunkhecexporter","otlpreceiver, prometheusreceiver, zipkinreceiver",k8sattributesprocessor,spanmetricsconnector,zpages,Stability,Yes,4,
8/3/2025 20:31:39,50-99 employees,Technology,DevOps,No,Yes,Intermediate - We are setting up an observability practice,1,AWS ECS,I don't deploy any Collectors to Kubernetes,I don't deploy the OTel Collector on Kubernetes,Yes,Yes,3,Yes,Metrics,"honeycombmarkerexporter, lokiexporter, otlpexporter, otlphttpexporter, prometheusexporter","lokireceiver, otlpreceiver","batchprocessor, probabilisticsamplerprocessor, routingprocessor, tailsamplingprocessor","otlpjsonconnector, routingconnector",healthcheckv2extension,"Stability, Configuration management and resolution",Yes,4,
8/4/2025 0:58:41,1000+ employees,Technology,Observability,No,Yes,Intermediate - We are setting up an observability practice,Between 101 and 1000,"Kubernetes, Docker on my desktop",As a gateway (i.e. k8s deployment),OTel Collector Helm Chart,No,No,,Yes,Metrics,"awss3exporter, debugexporter, elasticsearchexporter, kafkaexporter, loadbalancingexporter, otlpexporter, otlphttpexporter, prometheusexporter, prometheusremotewriteexporter","kafkareceiver, otlpreceiver, prometheusreceiver","attributesprocessor, batchprocessor, filterprocessor, k8sattributesprocessor, resourceprocessor, spanprocessor, transformprocessor","failoverconnector, otlpjsonconnector, Forward","encoding, healthcheckextension, pprofextension, zpages","Configuration management and resolution, Support for more receivers or exporters",Yes,3,More practical examples and real scenarios
8/4/2025 9:22:18,1000+ employees,Technology,Dev,No,Yes,Intermediate - We are setting up an observability practice,I don't know,"Kubernetes, Virtual Machine (VM)",I don't deploy any Collectors to Kubernetes,I don't deploy the OTel Collector on Kubernetes,Yes,Yes,3,Yes,Metrics,"debugexporter, fileexporter, otlpexporter, prometheusexporter, prometheusremotewriteexporter, splunkhecexporter",otlpreceiver,"batchprocessor, filterprocessor, memorylimiterprocessor, transformprocessor",none,pprofextension,Configuration management and resolution,Yes,3,Write it less like a standardization document and more like a normal documentation.
8/4/2025 15:23:47,1000+ employees,Technology,Observability,Yes,Yes,Intermediate - We are setting up an observability practice,Between 11 and 100,"Kubernetes, Docker Compose",As a gateway (i.e. k8s deployment),OTel Collector Helm Chart,No,No,4,Yes,"Logs, Metrics, Traces","dynatraceexporter, elasticsearchexporter","jaegerreceiver, tcplogreceiver","metricstransformprocessor, resourcedetectionprocessor","routingconnector, signaltometricsconnector","datadogextension, httpforwarderextension","Stability, Collector observability",Yes,2,
8/4/2025 19:06:49,100-999 employees,Education,Product,No,Yes,Intermediate - We are setting up an observability practice,Between 2 and 5,"Kubernetes, CloudRun, GitHub Actions",Next to my application (i.e. k8s sidecar),Kubernetes manifests,Yes,Yes,3,Yes,"Logs, Metrics","googlecloudexporter, googlecloudpubsubexporter, googlemanagedprometheusexporter, loggingexporter, prometheusexporter","filelogreceiver, filereceiver, githubreceiver, googlecloudmonitoringreceiver, k8sclusterreceiver, k8seventsreceiver, k8slogreceiver, k8sobjectsreceiver, postgresqlreceiver","attributesprocessor, batchprocessor, logdedupprocessor, spanprocessor, tailsamplingprocessor","countconnector, exceptionsconnector, spanmetricsconnector",googleclientauthextension,"Stability, Support for more receivers or exporters",Yes,2,It is very disjointed and hard to navigate to get to a solution.
8/4/2025 23:08:21,1000+ employees,Advertisement,Observability,No,Yes,Expert - We have a well-established observability practice,More than 1000,"Kubernetes, Virtual Machine (VM)","On every host (i.e k8s daemonset), As a gateway (i.e. k8s deployment)",OTel Operator,No,No,,Yes,"Logs, Metrics, Traces","otlpexporter, otlphttpexporter","filelogreceiver, otlpreceiver","attributesprocessor, batchprocessor, cumulativetodeltaprocessor, filterprocessor, groupbyattrsprocessor, groupbytraceprocessor, intervalprocessor, k8sattributesprocessor, tailsamplingprocessor, transformprocessor","countconnector, routingconnector, spanmetricsconnector","pprofextension, zpages",Collector observability,Yes,4,
8/4/2025 23:47:36,1000+ employees,Finance,Observability,No,Yes,Expert - We have a well-established observability practice,Between 11 and 100,Kubernetes,"As a gateway (i.e. k8s deployment), In a stateful scenario (ie k8s statefulset)",OTel Collector Helm Chart,No,No,,Yes,"Logs, Metrics, Traces","awskinesisexporter, honeycombmarkerexporter, otlpexporter, prometheusexporter, prometheusremotewriteexporter","awscloudwatchmetricsreceiver, awscloudwatchreceiver, awsfirehosereceiver, otlpreceiver, prometheusreceiver, prometheusremotewritereceiver","attributesprocessor, batchprocessor, filterprocessor, memorylimiterprocessor, redactionprocessor, routingprocessor, servicegraphprocessor, spanmetricsprocessor","countconnector, servicegraphconnector, spanmetricsconnector",filestorage,"Stability, Collector observability, Support for more receivers or exporters",Yes,3,
8/5/2025 1:01:59,100-999 employees,Technology,DevRel,Yes,Yes,Expert - We have a well-established observability practice,Between 11 and 100,"Kubernetes, Docker on my desktop","On every host (i.e k8s daemonset), As a gateway (i.e. k8s deployment)",OTel Collector Helm Chart,Yes,Yes,4,Yes,"Logs, Metrics","awss3exporter, otlpexporter, otlphttpexporter","filelogreceiver, k8sclusterreceiver, k8seventsreceiver, k8slogreceiver, otlpreceiver, prometheusreceiver, saphanareceiver, udplogreceiver","batchprocessor, filterprocessor, k8sattributesprocessor, logdedupprocessor, resourceprocessor, transformprocessor",spanmetricsconnector,"this list is too long, did not read, out of time",Configuration management and resolution,Yes,4,"the ""how to"" for different languages that start with ""Start by creating this code, then adding instrumentation"" -- no, I am not instrumenting your code and I have to scroll past that part"
8/5/2025 1:02:00,1000+ employees,Retail,Observability,No,Yes,Expert - We have a well-established observability practice,Between 101 and 1000,"Kubernetes, Docker Compose","Next to my application (i.e. k8s sidecar), As a gateway (i.e. k8s deployment)",OTel Operator,Yes,Yes,1,Yes,Metrics,"datadogexporter, loadbalancingexporter, loggingexporter, otlpexporter, prometheusexporter","filelogreceiver, hostmetricsreceiver, httpcheckreceiver, jmxreceiver, otlpreceiver, postgresqlreceiver, windowseventlogreceiver","attributesprocessor, filterprocessor, k8sattributesprocessor, spanmetricsprocessor, transformprocessor","datadogconnector, routingconnector, spanmetricsconnector","datadogextension, healthcheckv2extension",Configuration management and resolution,Yes,4,
8/5/2025 1:07:51,100-999 employees,Finance,SRE,No,Yes,Intermediate - We are setting up an observability practice,Between 11 and 100,Kubernetes,On every host (i.e k8s daemonset),OTel Operator,No,No,,No,,"datadogexporter, otlpexporter, otlphttpexporter, prometheusremotewriteexporter","filelogreceiver, hostmetricsreceiver, k8sclusterreceiver, k8seventsreceiver, kubeletstatsreceiver, otlpreceiver","attributesprocessor, batchprocessor, datadogprocessor, k8sattributesprocessor, resourcedetectionprocessor",datadogconnector,none,Support for more receivers or exporters,Yes,4,
8/5/2025 1:12:12,1000+ employees,Finance,Observability,No,Yes,Intermediate - We are setting up an observability practice,Between 101 and 1000,"Kubernetes, Virtual Machine (VM)",On every host (i.e k8s daemonset),OTel Collector Helm Chart,Yes,Yes,4,Yes,Metrics,"kafkaexporter, otlpexporter, otlphttpexporter, prometheusremotewriteexporter, syslogexporter","filelogreceiver, kafkareceiver, otlpreceiver, syslogreceiver, systemdreceiver","attributesprocessor, batchprocessor, cumulativetodeltaprocessor, filterprocessor, groupbyattrsprocessor, k8sattributesprocessor, logstransformprocessor, memorylimiterprocessor, metricstransformprocessor, probabilisticsamplerprocessor, resourcedetectionprocessor, routingprocessor, spanmetricsprocessor, tailsamplingprocessor",routingconnector,"bearertokenauthextension, healthcheckextension, opampextension, zpages","Configuration management and resolution, Guides about tenants ids",Yes,4,"The documentation is very good, but it's easy to get lost in. Maybe create a more intuitive ""getting started"" guide."
8/5/2025 5:12:55,1000+ employees,Technology,DevOps,No,Yes,Intermediate - We are setting up an observability practice,More than 1000,Kubernetes,"On every host (i.e k8s daemonset), As a gateway (i.e. k8s deployment)",Other Helm Chart (e.g. vendor's),No,No,4,Yes,"Logs, Metrics",otlphttpexporter,"filelogreceiver, hostmetricsreceiver, k8sclusterreceiver, k8seventsreceiver, k8slogreceiver, k8sobjectsreceiver, otlpreceiver","batchprocessor, transformprocessor","failoverconnector, otlpjsonconnector, routingconnector, servicegraphconnector, signaltometricsconnector, spanmetricsconnector","filestorage, oauth2clientauthextension",Collector observability,Yes,3,
8/5/2025 5:36:10,1000+ employees,Media,DevOps,No,Yes,Expert - We have a well-established observability practice,Between 11 and 100,"Kubernetes, Virtual Machine (VM)","Next to my application (i.e. k8s sidecar), In a stateful scenario (ie k8s statefulset)",OTel Operator,Yes,Yes,4,Yes,Metrics,"alertmanagerexporter, awscloudwatchlogsexporter, awskinesisexporter, awss3exporter, awsxrayexporter, influxdbexporter, kafkaexporter, otlpexporter, otlphttpexporter, prometheusexporter","awscloudwatchmetricsreceiver, awscloudwatchreceiver, influxdbreceiver, k8sclusterreceiver, k8seventsreceiver, kafkametricsreceiver","attributesprocessor, batchprocessor, deltatorateprocessor, filterprocessor, k8sattributesprocessor","countconnector, otlpjsonconnector, signaltometricsconnector, spanmetricsconnector","awsproxy, k8sleaderelector","Stability, Collector observability, Configuration management and resolution",Yes,4,
8/5/2025 5:59:58,1-49 employees,Finance,Dev,No,Yes,Beginner - Learning about observability / Have used monitoring tools,Between 2 and 5,"Virtual Machine (VM), Docker Compose",I don't deploy any Collectors to Kubernetes,I don't deploy the OTel Collector on Kubernetes,No,No,4,Yes,"Logs, Traces","lokiexporter, otlpexporter, otlphttpexporter, prometheusexporter","collectdreceiver, hostmetricsreceiver, lokireceiver, prometheusreceiver","attributesprocessor, batchprocessor, resourceprocessor, spanprocessor, tailsamplingprocessor","countconnector, spanmetricsconnector","basicauthextension, healthcheckextension","Stability, Configuration management and resolution",Yes,3,
8/5/2025 8:57:28,1000+ employees,Technology,Observability,Yes,Yes,Expert - We have a well-established observability practice,I don't know,Kubernetes,"Next to my application (i.e. k8s sidecar), On every host (i.e k8s daemonset), As a gateway (i.e. k8s deployment)",OTel Collector Helm Chart,Yes,Yes,,Yes,Metrics,"debugexporter, loadbalancingexporter, otlpexporter, otlphttpexporter","filelogreceiver, hostmetricsreceiver, jaegerreceiver, k8sclusterreceiver, k8seventsreceiver, k8sobjectsreceiver, kubeletstatsreceiver, prometheusreceiver, statsdreceiver, syslogreceiver, zipkinreceiver","attributesprocessor, batchprocessor, cumulativetodeltaprocessor, filterprocessor, k8sattributesprocessor, probabilisticsamplerprocessor, redactionprocessor, resourcedetectionprocessor, tailsamplingprocessor, transformprocessor",spanmetricsconnector,healthcheckextension,Configuration management and resolution,Yes,3,
8/5/2025 9:42:42,1000+ employees,Retail,Observability,No,Yes,Expert - We have a well-established observability practice,Between 11 and 100,"Kubernetes, Google Cloud Run and AWS Lambda","On every host (i.e k8s daemonset), As a gateway (i.e. k8s deployment)",OTel Operator,Yes,Yes,1,Yes,Metrics,"datadogexporter, debugexporter, splunkhecexporter","filelogreceiver, googlecloudpubsubreceiver, k8sclusterreceiver, k8seventsreceiver, otlpreceiver, prometheusreceiver, syslogreceiver","attributesprocessor, batchprocessor, cumulativetodeltaprocessor, k8sattributesprocessor, logdedupprocessor, memorylimiterprocessor, resourceprocessor, routingprocessor, transformprocessor","countconnector, datadogconnector","bearertokenauthextension, encoding, healthcheckv2extension","Stability, Configuration management and resolution",Yes,3,Provide a lot of examples of collector configuration for some specific usecases
8/5/2025 9:52:24,1000+ employees,Travel & Leisure,Observability,No,Yes,Expert - We have a well-established observability practice,Between 101 and 1000,"Kubernetes, Virtual Machine (VM), Bare Metal, Docker Compose","Next to my application (i.e. k8s sidecar), On every host (i.e k8s daemonset), As a gateway (i.e. k8s deployment)",Both Operator and Manifests,Yes,Yes,1,Yes,"Metrics, Traces","datadogexporter, debugexporter, fileexporter, googlecloudexporter, opensearchexporter, otlpexporter, otlphttpexporter, prometheusremotewriteexporter","datadogreceiver, filelogreceiver, githubreceiver, hostmetricsreceiver, httpcheckreceiver, k8sclusterreceiver, k8seventsreceiver, k8sobjectsreceiver, netflowreceiver, otlpreceiver, prometheusreceiver, snmpreceiver, syslogreceiver, tcpcheckreceiver","attributesprocessor, batchprocessor, cumulativetodeltaprocessor, datatocumulativeprocessor, filterprocessor, groupbyattrsprocessor, k8sattributesprocessor, logstransformprocessor, probabilisticsamplerprocessor, tailsamplingprocessor, transformprocessor","datadogconnector, routingconnector","basicauthextension, healthcheckv2extension, opampextension, pprofextension, storage","Configuration management and resolution, Support for more receivers or exporters",Yes,4,"I think the way the collector is built, is the reason why the documentation is spread amongst the Readme files.

The main documentation site should maybe gather the markdown files and bring them to a single documentation site. 

once we know how the collector works, after a week or two of hard digging, the component''s documentation is enough. 

The main documentation site is mostly for beginners."
8/5/2025 10:37:25,1000+ employees,publishing,Observability,No,Yes,Expert - We have a well-established observability practice,I don't know,"Kubernetes, Virtual Machine (VM)","On every host (i.e k8s daemonset), As a gateway (i.e. k8s deployment)",OTel Collector Helm Chart,Yes,Yes,5,No,,"debugexporter, otlphttpexporter","k8sclusterreceiver, k8seventsreceiver, kubeletstatsreceiver, otlpreceiver, prometheusreceiver, receivercreator, zipkinreceiver","batchprocessor, groupbyattrsprocessor, k8sattributesprocessor, spanprocessor, transformprocessor",spanmetricsconnector,"headerssetterextension, healthcheckextension","Configuration management and resolution, Support for more receivers or exporters, being able to easily access attributes and contexts (specifically for the headersetter)",Yes,2,
8/5/2025 11:53:12,1000+ employees,Media,Platform Engineering,No,Yes,Intermediate - We are setting up an observability practice,Between 6 and 10,"Kubernetes, Virtual Machine (VM)",I don't deploy any Collectors to Kubernetes,I don't deploy the OTel Collector on Kubernetes,No,No,,Yes,"Logs, Metrics","datadogexporter, otlpexporter","datadogreceiver, otlpreceiver, syslogreceiver",datadogprocessor,datadogconnector,healthcheckextension,"Configuration management and resolution, Support for more receivers or exporters",Yes,3,
8/5/2025 12:00:07,100-999 employees,Finance,Operations,No,Yes,Intermediate - We are setting up an observability practice,Between 6 and 10,Kubernetes,"On every host (i.e k8s daemonset), As a gateway (i.e. k8s deployment)",OTel Collector Helm Chart,No,No,,Yes,"Logs, Metrics","awss3exporter, datadogexporter","filelogreceiver, otlpreceiver","batchprocessor, logstransformprocessor, resourceprocessor",datadogconnector,datadogextension,"Stability, Collector observability",Yes,4,
8/5/2025 12:30:11,1000+ employees,Technology,Observability,No,Yes,Expert - We have a well-established observability practice,More than 1000,"Kubernetes, Virtual Machine (VM), Bare Metal","On every host (i.e k8s daemonset), As a gateway (i.e. k8s deployment)",OTel Operator,Yes,Yes,2,Yes,"Logs, Metrics","awss3exporter, kafkaexporter, loadbalancingexporter, lokiexporter, otlpexporter, otlphttpexporter, prometheusexporter, prometheusremotewriteexporter","filelogreceiver, journaldreceiver, kafkareceiver, prometheusreceiver, prometheusremotewritereceiver, sqlqueryreceiver","attributesprocessor, batchprocessor, filterprocessor, k8sattributesprocessor, logstransformprocessor, routingprocessor, tailsamplingprocessor",N/A,"filestorage, storage",Configuration management and resolution,Yes,4,Improved otelcol-contrib published docs
8/5/2025 13:59:16,100-999 employees,Healthcare,Platform Engineering,No,Yes,Intermediate - We are setting up an observability practice,Between 6 and 10,"Kubernetes, Docker on my desktop",As a gateway (i.e. k8s deployment),OTel Collector Helm Chart,No,No,,Yes,Metrics,"debugexporter, opensearchexporter, otlpexporter, prometheusexporter, prometheusremotewriteexporter, splunkhecexporter","fluentforwardreceiver, otlpjsonfilereceiver, otlpreceiver","attributesprocessor, batchprocessor, datatocumulativeprocessor, memorylimiterprocessor, resourceprocessor, transformprocessor","countconnector, servicegraphconnector, spanmetricsconnector","healthcheckextension, zpages","Collector observability, Configuration management and resolution",Yes,4,
8/5/2025 15:17:11,1000+ employees,Finance,Platform Engineering,No,Yes,Intermediate - We are setting up an observability practice,I don't know,"Kubernetes, Virtual Machine (VM), Bare Metal","Next to my application (i.e. k8s sidecar), On every host (i.e k8s daemonset), As a gateway (i.e. k8s deployment)",OTel Operator,No,No,2,No,,"dynatraceexporter, kafkaexporter, loggingexporter, opensearchexporter, prometheusexporter","apachesparkreceiver, elasticsearchreceiver, kafkametricsreceiver, kafkareceiver","k8sattributesprocessor, memorylimiterprocessor, metricstarttimeprocessor, metricstransformprocessor, spanprocessor","spanmetricsconnector, sumconnector",observer,"Stability, Configuration management and resolution",Yes,4,
8/5/2025 15:47:30,1000+ employees,Distribution ,SRE,No,No,Intermediate - We are setting up an observability practice,1,Kubernetes,As a gateway (i.e. k8s deployment),Kustomize,No,Yes,4,No,"Logs, Metrics, Traces","lokiexporter, otlpexporter, otlphttpexporter, prometheusexporter","filelogreceiver, filereceiver, k8sclusterreceiver, k8seventsreceiver, k8slogreceiver, k8sobjectsreceiver, kubeletstatsreceiver, mysqlreceiver, nginxreceiver, otlpreceiver, prometheusreceiver, syslogreceiver, windowseventlogreceiver, windowsperfcountersreceiver, windowsservicereceiver","attributesprocessor, batchprocessor, filterprocessor, k8sattributesprocessor, metricsgenerationprocessor, spanmetricsprocessor, spanprocessor","routingconnector, servicegraphconnector","basicauthextension, filestorage, headerssetterextension, pprofextension","Configuration management and resolution, Support for more receivers or exporters",Yes,3,
8/7/2025 8:08:05,50-99 employees,Technology,SRE,Yes,Yes,Intermediate - We are setting up an observability practice,Between 6 and 10,Kubernetes,As a gateway (i.e. k8s deployment),OTel Collector Helm Chart,No,No,,Yes,"Metrics, Traces","fileexporter, kafkaexporter, otlpexporter, otlphttpexporter",otlpreceiver,"attributesprocessor, filterprocessor, groupbyattrsprocessor, groupbytraceprocessor, k8sattributesprocessor, memorylimiterprocessor, spanprocessor, transformprocessor",servicegraphconnector,No a,"Stability, Collector observability, The spanmetrics connector requires a lot of resources",Yes,4,
8/7/2025 8:25:01,1000+ employees,Technology,Observability,Yes,Yes,Expert - We have a well-established observability practice,Between 101 and 1000,"Kubernetes, Virtual Machine (VM), Docker Compose","Next to my application (i.e. k8s sidecar), On every host (i.e k8s daemonset), As a gateway (i.e. k8s deployment), In a stateful scenario (ie k8s statefulset)",OTel Collector Helm Chart,Yes,Yes,3,Yes,"Logs, Metrics","alertmanagerexporter, datadogexporter, datasetexporter, debugexporter, dynatraceexporter, elasticsearchexporter, loggingexporter, otlpexporter, otlphttpexporter, prometheusexporter, prometheusremotewriteexporter, syslogexporter, zipkinexporter","elasticsearchreceiver, filereceiver, hostmetricsreceiver, httpcheckreceiver, k8sclusterreceiver, k8seventsreceiver, k8slogreceiver, k8sobjectsreceiver, kubeletstatsreceiver, otlpreceiver, postgresqlreceiver, prometheusreceiver, prometheusremotewritereceiver, syslogreceiver, systemdreceiver, tlscheckreceiver, windowseventlogreceiver, windowsservicereceiver, zipkinreceiver","attributesprocessor, batchprocessor, datadogprocessor, filterprocessor, groupbyattrsprocessor, groupbytraceprocessor, k8sattributesprocessor, memorylimiterprocessor, resourceprocessor, schemaprocessor, spanprocessor","datadogconnector, grafanacloudconnector, otlpjsonconnector, routingconnector, spanmetricsconnector","bearertokenauthextension, datadogextension, healthcheckextension, healthcheckv2extension, httpforwarderextension, k8sleaderelector, observer","Stability, Collector observability, Configuration management and resolution, Support for more receivers or exporters",Yes,3,The documentation not user friendly to understand your newbies
8/8/2025 15:23:07,1000+ employees,Technology,Observability,No,Yes,Expert - We have a well-established observability practice,Between 101 and 1000,"Kubernetes, Docker Compose","On every host (i.e k8s daemonset), As a gateway (i.e. k8s deployment)",OTel Collector Helm Chart,Yes,Yes,3,Yes,Metrics,"clickhouseexporter, coralogixexporter, datadogexporter, debugexporter, fileexporter, loadbalancingexporter, otlpexporter, otlphttpexporter","datadogreceiver, dockerstatsreceiver, filereceiver, hostmetricsreceiver, k8sclusterreceiver, k8seventsreceiver, k8slogreceiver, k8sobjectsreceiver, otlpreceiver, prometheusreceiver, statsdreceiver","attributesprocessor, batchprocessor, cumulativetodeltaprocessor, datadogprocessor, datadogsemanticsprocessor, datatocumulativeprocessor, deltatorateprocessor, filterprocessor, groupbyattrsprocessor, groupbytraceprocessor, k8sattributesprocessor, logstransformprocessor, metricstransformprocessor, probabilisticsamplerprocessor, spanmetricsprocessor, tailsamplingprocessor, transformprocessor","datadogconnector, otlpjsonconnector, routingconnector, signaltometricsconnector","filestorage, opampextension, storage, zpages","Configuration management and resolution, Support for more receivers or exporters",Yes,3,
8/8/2025 21:11:39,100-999 employees,Technology,DevOps,No,Yes,Intermediate - We are setting up an observability practice,Between 101 and 1000,"Kubernetes, AWS EC2 Instances","On every host (i.e k8s daemonset), As a gateway (i.e. k8s deployment)","Helm for most, Operator for Target Allocator",No,No,,Yes,"Logs, Metrics","kafkaexporter, lokiexporter, otlpexporter, otlphttpexporter, prometheusexporter, syslogexporter","awscloudwatchreceiver, filelogreceiver, hostmetricsreceiver, k8sclusterreceiver, k8seventsreceiver, kafkareceiver, otlpreceiver, prometheusreceiver","attributesprocessor, batchprocessor, groupbyattrsprocessor, groupbytraceprocessor, k8sattributesprocessor, memorylimiterprocessor, resourceprocessor, tailsamplingprocessor, transformprocessor","spanmetricsconnector, forwardconnector","healthcheckextension, pprofextension, zpages","Collector observability, Configuration management and resolution",Yes,3,"I've used the docs on opentelemetry.io a little bit, but I tend to get the best information from the `opentelemetry-collector-contrib` repo by going directly to the README.md for the component I'm configuring and looking at the code if that readme does not give enough info."
8/11/2025 14:48:50,1000+ employees,Technology,SRE,No,Yes,Intermediate - We are setting up an observability practice,Between 11 and 100,"Kubernetes, Virtual Machine (VM), Docker on my desktop",On every host (i.e k8s daemonset),OTel Collector Helm Chart,Yes,Yes,2,Yes,"Logs, Metrics, Traces","debugexporter, lokiexporter, otlpexporter, otlphttpexporter, prometheusremotewriteexporter","filelogreceiver, filereceiver, lokireceiver, otlpreceiver, prometheusreceiver, prometheusremotewritereceiver","attributesprocessor, batchprocessor, resourceprocessor",countconnector,encoding,"Stability, Collector observability",No,4,
8/11/2025 16:40:43,1000+ employees,Automotive,Observability,No,Yes,Expert - We have a well-established observability practice,Between 11 and 100,Kubernetes,As a gateway (i.e. k8s deployment),OTel Collector Helm Chart,No,No,2,Yes,"Logs, Metrics","lokiexporter, otlpexporter, prometheusexporter","k8sclusterreceiver, lokireceiver, nginxreceiver","k8sattributesprocessor, memorylimiterprocessor, metricsgenerationprocessor, spanmetricsprocessor",spanmetricsconnector,"azureauthextension, headerssetterextension",Collector observability,Yes,5,
8/12/2025 5:05:45,1-49 employees,Technology,Dev,Yes,Yes,Intermediate - We are setting up an observability practice,Between 2 and 5,"Kubernetes, Virtual Machine (VM), Docker Compose",On every host (i.e k8s daemonset),Kubernetes manifests,No,No,5,Yes,"Logs, Metrics, Traces","lokiexporter, otlpexporter, otlphttpexporter, prometheusexporter",otlpreceiver,batchprocessor,roundrobinconnector,basicauthextension,Support for more receivers or exporters,Yes,5,
8/14/2025 10:22:56,1000+ employees,Retail,SRE,No,Yes,Intermediate - We are setting up an observability practice,More than 1000,Kubernetes,"On every host (i.e k8s daemonset), As a gateway (i.e. k8s deployment)",OTel Collector Helm Chart,Yes,Yes,1,Yes,"Logs, Metrics","datadogexporter, loadbalancingexporter, lokiexporter, otelarrowexporter, otlpexporter, otlphttpexporter, prometheusexporter, prometheusremotewriteexporter","datadogreceiver, filelogreceiver, hostmetricsreceiver, k8seventsreceiver, otelarrowreceiver, otlpreceiver","attributesprocessor, batchprocessor, cumulativetodeltaprocessor, datadogprocessor, k8sattributesprocessor, memorylimiterprocessor, resourceprocessor, spanmetricsprocessor","datadogconnector, spanmetricsconnector","basicauthextension, bearertokenauthextension","Stability, Configuration management and resolution",Yes,4,
8/15/2025 7:36:29,1000+ employees,Healthcare,SRE,No,Yes,Intermediate - We are setting up an observability practice,Between 11 and 100,"Kubernetes, Virtual Machine (VM), Bare Metal, Docker on my desktop, Docker Compose","Next to my application (i.e. k8s sidecar), On every host (i.e k8s daemonset), As a gateway (i.e. k8s deployment), In a stateful scenario (ie k8s statefulset)",OTel Collector Helm Chart,No,No,3,Yes,"Logs, Metrics, Traces","alertmanagerexporter, azuremonitorexporter, fileexporter, prometheusexporter, prometheusremotewriteexporter","awscloudwatchmetricsreceiver, awscloudwatchreceiver, awscontainerinsightreceiver, azuremonitorreceiver, dockerstatsreceiver, filelogreceiver, filereceiver, hostmetricsreceiver, k8sclusterreceiver, k8seventsreceiver, k8slogreceiver, k8sobjectsreceiver, kubeletstatsreceiver, otlpreceiver, prometheusreceiver, prometheusremotewritereceiver","attributesprocessor, batchprocessor, filterprocessor, k8sattributesprocessor, memorylimiterprocessor, routingprocessor, spanprocessor","routingconnector, spanmetricsconnector","healthcheckextension, healthcheckv2extension, k8sleaderelector, zpages","Stability, Collector observability, Configuration management and resolution, Support for more receivers or exporters",Yes,3,
8/17/2025 20:14:36,1000+ employees,Technology,Observability,No,Yes,Expert - We have a well-established observability practice,More than 1000,Kubernetes,As a gateway (i.e. k8s deployment),Kubernetes manifests,Yes,Yes,2,Yes,"Logs, Metrics","datadogexporter, debugexporter, fileexporter, otlphttpexporter, prometheusexporter",otlpreceiver,"attributesprocessor, batchprocessor, cumulativetodeltaprocessor, datadogprocessor, filterprocessor, memorylimiterprocessor, probabilisticsamplerprocessor, redactionprocessor, spanprocessor, transformprocessor",datadogconnector,"basicauthextension, observer, opampextension","Stability, Collector observability, Configuration management and resolution, Robust health extension. ",Yes,4,Examples of how to define dashboards. SLOs and burn rates for the collector. Better memory management guidance. 
8/18/2025 12:25:23,1-49 employees,Media,Dev,No,Yes,Intermediate - We are setting up an observability practice,Between 6 and 10,Virtual Machine (VM),I don't deploy any Collectors to Kubernetes,I don't deploy the OTel Collector on Kubernetes,No,No,,No,"Logs, Metrics","otlpexporter, prometheusremotewriteexporter","filelogreceiver, hostmetricsreceiver, httpcheckreceiver, journaldreceiver, otlpreceiver, postgresqlreceiver, sshcheckreceiver","attributesprocessor, batchprocessor, filterprocessor, resourcedetectionprocessor, resourceprocessor, transformprocessor",routingconnector,"filestorage, healthcheckextension","Stability, Collector observability, Configuration management and resolution",Yes,3,"All documentation should be in one place. To view details, the user needs to look at the individual *.md files on GitHub."
8/19/2025 8:07:28,100-999 employees,Technology,Platform Engineering,No,Yes,Intermediate - We are setting up an observability practice,More than 1000,"Kubernetes, Virtual Machine (VM)","On every host (i.e k8s daemonset), As a gateway (i.e. k8s deployment)",Own Helm chart and Ansible on the VM's,Yes,No,1,Yes,"Logs, Metrics","googlecloudexporter, googlecloudpubsubexporter, otlpexporter","filelogreceiver, googlecloudpubsubreceiver, httpcheckreceiver, k8sclusterreceiver, k8seventsreceiver, k8slogreceiver, k8sobjectsreceiver, kafkametricsreceiver, kubeletstatsreceiver, otlpreceiver, postgresqlreceiver","attributesprocessor, batchprocessor, filterprocessor, geoipprocessor, k8sattributesprocessor, memorylimiterprocessor, resourceprocessor",none,"encoding, oidcauthextension","Stability, Collector observability, Configuration management and resolution",Yes,4,
8/19/2025 21:39:14,50-99 employees,Technology,DevOps,No,Yes,Intermediate - We are setting up an observability practice,Between 11 and 100,"Kubernetes, Virtual Machine (VM), AWS ECS",As a gateway (i.e. k8s deployment),Other Helm Chart (e.g. vendor's),No,No,2,Yes,Metrics,"debugexporter, otlpexporter, otlphttpexporter, prometheusexporter","lokireceiver, otlpreceiver, prometheusreceiver","attributesprocessor, batchprocessor, memorylimiterprocessor, spanmetricsprocessor",spanmetricsconnector,"basicauthextension, zpages",Stability,Yes,4,It could have support for read configuration and secrets from remote stores (like Hashicorp Vault) 
8/22/2025 4:17:39,1000+ employees,Finance,Platform Engineering,No,Yes,Intermediate - We are setting up an observability practice,Between 101 and 1000,Kubernetes,"Next to my application (i.e. k8s sidecar), As a gateway (i.e. k8s deployment)",OTel Collector Helm Chart,Yes,Yes,3,Yes,Metrics,"lokiexporter, otlphttpexporter, prometheusremotewriteexporter, splunkhecexporter","otlpreceiver, prometheusreceiver","attributesprocessor, batchprocessor, filterprocessor, k8sattributesprocessor, metricstransformprocessor, resourceprocessor, spanmetricsprocessor, tailsamplingprocessor, transformprocessor",N/A,"basicauthextension, bearertokenauthextension, healthcheckextension","Stability, Configuration management and resolution, Support for more receivers or exporters",Yes,4,"Likely around processors. The readme pages on the exporters, transformers, etc are great but they could be rendered better on the main docs alongside the collector"
8/24/2025 1:12:12,1-49 employees,Technology,Dev,No,Yes,Intermediate - We are setting up an observability practice,Between 2 and 5,"Virtual Machine (VM), Bare Metal",I don't deploy any Collectors to Kubernetes,I don't deploy the OTel Collector on Kubernetes,No,No,,Yes,"Logs, Metrics, Traces",otlpexporter,otlpreceiver,batchprocessor,None of these ,basicauthextension,Stability,Yes,5,
8/24/2025 17:10:51,1000+ employees,Technology,Observability,Yes,Yes,Expert - We have a well-established observability practice,More than 1000,"Kubernetes, Virtual Machine (VM), Bare Metal, Docker Compose","Next to my application (i.e. k8s sidecar), On every host (i.e k8s daemonset), As a gateway (i.e. k8s deployment)",OTel Collector Helm Chart,Yes,Yes,2,Yes,"Logs, Metrics","otlpexporter, signalfxexporter","dockerstatsreceiver, filelogreceiver, hostmetricsreceiver, kubeletstatsreceiver, otlpreceiver, prometheusreceiver, sapmreceiver, signalfxreceiver, systemdreceiver, vcenterreceiver, windowsservicereceiver","attributesprocessor, batchprocessor, k8sattributesprocessor, memorylimiterprocessor, resourcedetectionprocessor",otlpjsonconnector,"healthcheckv2extension, httpforwarderextension, zpages","Stability, Collector observability, Configuration management and resolution",Yes,4,Improve the internal telemetry configuration options. It has gotten better but could still use improvements so that I don’t have to go and read source code to know what options are available
8/25/2025 17:10:42,1-49 employees,Technology,Dev,No,Yes,Intermediate - We are setting up an observability practice,1,"Virtual Machine (VM), Docker Compose",Next to my application (i.e. k8s sidecar),I don't deploy the OTel Collector on Kubernetes,No,No,4,Yes,Metrics,"lokiexporter, otlpexporter, otlphttpexporter, prometheusexporter",otlpreceiver,"attributesprocessor, batchprocessor, filterprocessor, metricsgenerationprocessor, resourcedetectionprocessor, resourceprocessor, spanmetricsprocessor, spanprocessor, tailsamplingprocessor","countconnector, spanmetricsconnector","healthcheckv2extension, zpages",Configuration management and resolution,Yes,4,
8/28/2025 10:37:14,1000+ employees,Technology,DevOps,No,Yes,Beginner - Learning about observability / Have used monitoring tools,Between 11 and 100,Kubernetes,As a gateway (i.e. k8s deployment),We use Alloy which is deployed by the platform team,No,No,3,No,,"fileexporter, lokiexporter, otlpexporter, prometheusexporter",otlpreceiver,"attributesprocessor, batchprocessor, filterprocessor",d,s,s,Yes,4,Examples for different languages
8/28/2025 14:37:53,1000+ employees,Technology,Observability,No,Yes,Expert - We have a well-established observability practice,More than 1000,"Kubernetes, Docker Compose","Next to my application (i.e. k8s sidecar), As a gateway (i.e. k8s deployment)",OTel Collector Helm Chart,No,Yes,3,Yes,"Logs, Metrics","clickhouseexporter, datadogexporter, debugexporter, kafkaexporter, otlpexporter","kubeletstatsreceiver, otlpreceiver, prometheusreceiver","batchprocessor, cumulativetodeltaprocessor, filterprocessor, k8sattributesprocessor, memorylimiterprocessor, metricstransformprocessor, transformprocessor",routingconnector,"healthcheckextension, pprofextension, zpages","Stability, Configuration management and resolution",Yes,4,
8/30/2025 15:11:48,1000+ employees,Technology,Platform Engineering,No,Yes,Intermediate - We are setting up an observability practice,Between 11 and 100,Kubernetes,On every host (i.e k8s daemonset),OTel Collector Helm Chart,No,No,,No,,"awss3exporter, datadogexporter",filelogreceiver,"attributesprocessor, batchprocessor, k8sattributesprocessor, transformprocessor",datadogconnector,filestorage,"Stability, Support for more receivers or exporters",Yes,3,
9/2/2025 15:00:18,1-49 employees,Technology,Observability,Yes,Yes,Expert - We have a well-established observability practice,Between 11 and 100,"Virtual Machine (VM), Bare Metal, Docker on my desktop, Docker Compose",I don't deploy any Collectors to Kubernetes,I don't deploy the OTel Collector on Kubernetes,Yes,Yes,4,Yes,"Logs, Metrics, Traces","bmchelixexporter, datadogexporter, debugexporter, otlpexporter, otlphttpexporter, prometheusexporter, prometheusremotewriteexporter, signalfxexporter","otlpjsonfilereceiver, otlpreceiver, prometheusreceiver","batchprocessor, resourcedetectionprocessor, transformprocessor",None,"basicauthextension, healthcheckextension","Stability, Configuration management and resolution",Yes,5,
9/2/2025 19:25:10,1-49 employees,Automotive,DevOps,No,Yes,Expert - We have a well-established observability practice,Between 11 and 100,Kubernetes,"On every host (i.e k8s daemonset), As a gateway (i.e. k8s deployment), In a stateful scenario (ie k8s statefulset)",OTel Collector Helm Chart,No,No,,Yes,"Logs, Metrics","kafkaexporter, otlpexporter, otlphttpexporter","filelogreceiver, k8sclusterreceiver, k8seventsreceiver, k8sobjectsreceiver, kafkametricsreceiver, kafkareceiver, kubeletstatsreceiver, otlpreceiver, postgresqlreceiver, prometheusreceiver, receivercreator","attributesprocessor, batchprocessor, filterprocessor, k8sattributesprocessor, memorylimiterprocessor, routingprocessor, tailsamplingprocessor, transformprocessor",routingconnector,"filestorage, healthcheckextension, observer, storage","Stability, Configuration management and resolution",Yes,4,More real life scenarios and best pratices/recommandations
9/3/2025 2:22:57,1-49 employees,Technology,Dev,No,Yes,Intermediate - We are setting up an observability practice,Between 11 and 100,"Kubernetes, Virtual Machine (VM)",Next to my application (i.e. k8s sidecar),Kubernetes manifests,No,No,3,No,"Metrics, Traces","awss3exporter, prometheusexporter, prometheusremotewriteexporter",httpcheckreceiver,"attributesprocessor, batchprocessor",sumconnector,"healthcheckv2extension, sigv4authextension","Stability, Configuration management and resolution",Yes,3,
9/3/2025 7:34:04,1000+ employees,Technology,Platform Engineering,No,Yes,Expert - We have a well-established observability practice,More than 1000,"Kubernetes, Virtual Machine (VM)",As a gateway (i.e. k8s deployment),OTel Operator,Yes,Yes,2,Yes,"Logs, Metrics, Traces","awscloudwatchlogsexporter, datadogexporter, debugexporter, influxdbexporter, kafkaexporter, loadbalancingexporter, otlpexporter, otlphttpexporter, prometheusremotewriteexporter","otlpreceiver, prometheusreceiver","attributesprocessor, batchprocessor, filterprocessor, groupbytraceprocessor, resourceprocessor, tailsamplingprocessor, transformprocessor","countconnector, routingconnector, servicegraphconnector, signaltometricsconnector, spanmetricsconnector","basicauthextension, bearertokenauthextension, healthcheckextension, healthcheckv2extension, sigv4authextension, zpages","Collector observability, Configuration management and resolution, Support for more receivers or exporters",Yes,4,
9/3/2025 7:38:24,1-49 employees,Technology,Dev,No,Yes,Beginner - Learning about observability / Have used monitoring tools,Between 6 and 10,"Kubernetes, Docker on my desktop",Next to my application (i.e. k8s sidecar),OTel Collector Helm Chart,No,No,,No,,"azuremonitorexporter, otlpexporter, otlphttpexporter",azuremonitorreceiver,batchprocessor,otlpjsonconnector,storage,"Stability, Collector observability",Yes,4,
9/3/2025 12:00:27,1-49 employees,Technology,DevOps,Yes,Yes,Beginner - Learning about observability / Have used monitoring tools,I don't know,"Virtual Machine (VM), Bare Metal, Docker on my desktop",I don't deploy any Collectors to Kubernetes,I don't deploy the OTel Collector on Kubernetes,Yes,Yes,3,Yes,"Logs, Metrics","alertmanagerexporter, bmchelixexporter, datadogexporter, otlphttpexporter","apachereceiver, filelogreceiver, filereceiver, httpcheckreceiver, jmxreceiver",filterprocessor,otlpjsonconnector,"encoding, filestorage","Stability, Collector observability, Configuration management and resolution",Yes,4,
9/3/2025 20:45:10,1000+ employees,Healthcare,SRE,No,No,Intermediate - We are setting up an observability practice,1,"Kubernetes, Docker on my desktop","On every host (i.e k8s daemonset), In a stateful scenario (ie k8s statefulset)",Manifests via ArgoCD and GitOps,Yes,Yes,1,No,,splunkhecexporter,"filelogreceiver, hostmetricsreceiver, k8sclusterreceiver, k8seventsreceiver, k8slogreceiver, k8sobjectsreceiver","attributesprocessor, batchprocessor, k8sattributesprocessor","None, yet.","None, yet.","Collector observability, Configuration management and resolution, Support for more receivers or exporters",Yes,5,
9/3/2025 22:46:30,1000+ employees,Technology,SRE,No,Yes,Intermediate - We are setting up an observability practice,Between 2 and 5,Kubernetes,As a gateway (i.e. k8s deployment),OTel Collector Helm Chart,Yes,Yes,2,Yes,Metrics,"loadbalancingexporter, otlpexporter, prometheusexporter","otlpreceiver, postgresqlreceiver, prometheusreceiver","batchprocessor, k8sattributesprocessor, probabilisticsamplerprocessor, tailsamplingprocessor, transformprocessor","servicegraphconnector, spanmetricsconnector",zpages,"Stability, Collector observability, Configuration management and resolution",Yes,3,"More pracrical guide on Instrumentation of services and on monitoring OTEL collector performave. Also, release changes on github, has to be checked in more than on repos, contrib, core etc."
9/3/2025 23:43:13,1-49 employees,Technology,Dev,No,No,Intermediate - We are setting up an observability practice,None,"Docker on my desktop, Docker Compose",I don't deploy any Collectors to Kubernetes,I don't deploy the OTel Collector on Kubernetes,No,No,,Yes,"Logs, Metrics","debugexporter, otlpexporter, otlphttpexporter, prometheusexporter","dockerstatsreceiver, filereceiver, otlpreceiver","attributesprocessor, batchprocessor, spanmetricsprocessor, spanprocessor, tailsamplingprocessor, transformprocessor",spanmetricsconnector,"healthcheckextension, zpages","Stability, Configuration management and resolution",Yes,2,
9/6/2025 6:49:31,100-999 employees,Technology,DevOps,Yes,Yes,Beginner - Learning about observability / Have used monitoring tools,1,Bare Metal,I don't deploy any Collectors to Kubernetes,I don't deploy the OTel Collector on Kubernetes,No,No,2,No,"Logs, Metrics","debugexporter, elasticsearchexporter, loggingexporter, lokiexporter, otlphttpexporter","elasticsearchreceiver, filelogreceiver, filereceiver, lokireceiver, otlpreceiver","batchprocessor, filterprocessor, logstransformprocessor","grafanacloudconnector, otlpjsonconnector, routingconnector","filestorage, healthcheckextension, healthcheckv2extension, oauth2clientauthextension, oidcauthextension","Stability, Collector observability, Configuration management and resolution, Support for more receivers or exporters",Yes,3,Configuration could be easier to do or introduce some UI to do configuration for Windows users
9/9/2025 6:59:41,100-999 employees,Technology,Observability,Yes,Yes,Beginner - Learning about observability / Have used monitoring tools,Between 11 and 100,Virtual Machine (VM),I don't deploy any Collectors to Kubernetes,I don't deploy the OTel Collector on Kubernetes,Yes,Yes,3,Yes,"Metrics, Traces","otlpexporter, otlphttpexporter",Written own exporter with help of http exporter,"attributesprocessor, batchprocessor, filterprocessor",roundrobinconnector,"healthcheckv2extension, observer","Collector observability, Configuration management and resolution",Yes,4,
9/9/2025 23:32:23,100-999 employees,Technology,SRE,No,No,Intermediate - We are setting up an observability practice,Between 11 and 100,Kubernetes,"On every host (i.e k8s daemonset), As a gateway (i.e. k8s deployment)",Other Helm Chart (e.g. vendor's),No,No,4,No,"Logs, Metrics","awscloudwatchlogsexporter, awsemfexporter, awss3exporter, datadogexporter","awscontainerinsightreceiver, awsecscontainermetricsreceiver, filelogreceiver, hostmetricsreceiver, k8sclusterreceiver, k8seventsreceiver, k8slogreceiver, k8sobjectsreceiver","batchprocessor, datadogprocessor, filterprocessor, resourceprocessor",datadogconnector,"observer, storage",Configuration management and resolution,Yes,2,
9/10/2025 15:08:59,1000+ employees,Finance,DevOps,No,Yes,Expert - We have a well-established observability practice,Between 101 and 1000,Kubernetes,"On every host (i.e k8s daemonset), As a gateway (i.e. k8s deployment)",OTel Operator,No,No,,Yes,"Logs, Metrics","googlecloudexporter, otlpexporter, otlphttpexporter, prometheusexporter","k8sclusterreceiver, k8seventsreceiver, k8slogreceiver, otlpreceiver, prometheusreceiver","attributesprocessor, batchprocessor, k8sattributesprocessor, memorylimiterprocessor, resourcedetectionprocessor, resourceprocessor, routingprocessor, transformprocessor",routingconnector,storage,"Configuration management and resolution, Support for more receivers or exporters",Yes,4,"Allow digging down to configuration schema more quickly, from more places. Much of the documentation stays abstract, at too high of a level to guide a person with a YAML file open in their editor, looking to configure the next thing."
9/10/2025 16:51:35,100-999 employees,Technology,Observability,No,Yes,Intermediate - We are setting up an observability practice,More than 1000,"Kubernetes, Virtual Machine (VM), Bare Metal","On every host (i.e k8s daemonset), As a gateway (i.e. k8s deployment), In a stateful scenario (ie k8s statefulset)","Mix of operator, helm chart, and direct deployment via own manifests",Yes,Yes,2,Yes,Metrics,"datadogexporter, debugexporter, loadbalancingexporter, otlpexporter, prometheusexporter, prometheusremotewriteexporter, sumologicexporter","filelogreceiver, hostmetricsreceiver, k8sclusterreceiver, kubeletstatsreceiver, otlpreceiver, prometheusreceiver, tcplogreceiver, udplogreceiver","attributesprocessor, batchprocessor, filterprocessor, groupbyattrsprocessor, k8sattributesprocessor, logstransformprocessor, memorylimiterprocessor, probabilisticsamplerprocessor, routingprocessor, spanprocessor, tailsamplingprocessor","failoverconnector, routingconnector","cgroupruntimeextension, filestorage, headerssetterextension, healthcheckextension, storage, sumologicextension","Stability, A better development onboarding experience when writing custom components for the Collector. We prefer to place logs (eventually all telemetry) onto NATS, which needed a custom exporter. The experience of learning the best/most recent patterns to follow in the Collector was _extremely_ painful. We would have really benefitted from some updated, quick reading about the golden path for writing custom exporters. We got there eventually but had to look through mostly GH issues to better understand the direction the community is taking.",Yes,4,"As mentioned in a previous answer, a better experience for those wishing to extend the Collector. The current https://opentelemetry.io/docs/collector/building/ and subpages are not quite adequate when wanting to author custom components in a sustainable, blessed way. This would require the Collector to be more or less stable in terms of interfaces and design though, and I understand what is sustainable and blessed may change week to week :)"
9/10/2025 20:36:47,1000+ employees,Finance,Observability,No,Yes,Intermediate - We are setting up an observability practice,Between 6 and 10,Kubernetes,As a gateway (i.e. k8s deployment),OTel Collector Helm Chart,Yes,Yes,1,Yes,"Logs, Metrics","otlpexporter, otlphttpexporter",otlpreceiver,"attributesprocessor, batchprocessor, cumulativetodeltaprocessor, filterprocessor, k8sattributesprocessor, memorylimiterprocessor, resourceprocessor","countconnector, routingconnector",sigv4authextension,"Stability, Collector observability",Yes,4,
9/10/2025 21:42:07,1000+ employees,Technology,Observability,No,Yes,Expert - We have a well-established observability practice,More than 1000,"Kubernetes, Virtual Machine (VM), Bare Metal",Next to my application (i.e. k8s sidecar),OTel Operator,Yes,No,3,Yes,"Logs, Metrics, Traces","honeycombmarkerexporter, otelarrowexporter, otlpexporter, otlphttpexporter","filelogreceiver, filereceiver, journaldreceiver, k8sclusterreceiver, k8seventsreceiver, k8slogreceiver, k8sobjectsreceiver, otlpreceiver, prometheusreceiver, syslogreceiver, zipkinreceiver","batchprocessor, logstransformprocessor, spanmetricsprocessor",None,pprofextension,Stability,Yes,3,
9/10/2025 21:52:44,100-999 employees,Education,Dev,No,Yes,Intermediate - We are setting up an observability practice,Between 11 and 100,Kubernetes,"Next to my application (i.e. k8s sidecar), As a gateway (i.e. k8s deployment)",OTel Operator,No,No,3,No,,otlpexporter,otlpreceiver,resourcedetectionprocessor,n/a,n/a,Support for more receivers or exporters,Yes,3,
9/11/2025 12:43:30,1000+ employees,Technology,Observability,No,Yes,Intermediate - We are setting up an observability practice,Between 101 and 1000,Kubernetes,"On every host (i.e k8s daemonset), As a gateway (i.e. k8s deployment)",We have own manager to manage and deploy OTel ,Yes,Yes,1,Yes,"Logs, Metrics","dynatraceexporter, fileexporter, otlpexporter, otlphttpexporter","filelogreceiver, filereceiver, k8sclusterreceiver, k8seventsreceiver, k8slogreceiver, k8sobjectsreceiver, kubeletstatsreceiver, otlpreceiver, prometheusreceiver, own receiver implementation to scrape system internal components","attributesprocessor, batchprocessor, cumulativetodeltaprocessor, filterprocessor, k8sattributesprocessor, logstransformprocessor, metricstransformprocessor, resourceprocessor, routingprocessor, spanprocessor, transformprocessor, own implementations of several custom processor",routingconnector,"filestorage, healthcheckextension, k8sleaderelector, pprofextension, storage","Stability, Configuration management and resolution",Yes,3,More low-level information and advance examples
9/11/2025 15:11:07,1000+ employees,Technology,Observability,No,Yes,Intermediate - We are setting up an observability practice,Between 11 and 100,"Kubernetes, Virtual Machine (VM)","On every host (i.e k8s daemonset), As a gateway (i.e. k8s deployment)",Extend OTeL collector helm chart,No,No,3,Yes,"Logs, Metrics","datadogexporter, otlpexporter","filelogreceiver, hostmetricsreceiver, k8seventsreceiver, otlpreceiver, prometheusreceiver","attributesprocessor, batchprocessor, filterprocessor, k8sattributesprocessor, memorylimiterprocessor",otlpjsonconnector,healthcheckextension,Stability,Yes,2,
9/11/2025 15:36:43,1000+ employees,Entertainment,Platform Engineering,No,Yes,Intermediate - We are setting up an observability practice,Between 6 and 10,Kubernetes,"On every host (i.e k8s daemonset), As a gateway (i.e. k8s deployment)",OTel Operator,No,No,,No,,"lokiexporter, otlphttpexporter, prometheusexporter",otlpreceiver,"attributesprocessor, batchprocessor, k8sattributesprocessor",Na,headerssetterextension,Configuration management and resolution,Yes,4,
9/11/2025 16:48:40,1000+ employees,Technology,SRE,No,Yes,Expert - We have a well-established observability practice,More than 1000,"Kubernetes, Virtual Machine (VM), Docker on my desktop, Docker Compose","Next to my application (i.e. k8s sidecar), On every host (i.e k8s daemonset), As a gateway (i.e. k8s deployment), In a stateful scenario (ie k8s statefulset)",OTel Operator,Yes,No,3,Yes,Metrics,"clickhouseexporter, debugexporter, fileexporter, otlpexporter, otlphttpexporter, prometheusexporter, prometheusremotewriteexporter, splunkhecexporter","otlpreceiver, prometheusreceiver","attributesprocessor, batchprocessor, filterprocessor, k8sattributesprocessor, logdedupprocessor, memorylimiterprocessor, resourceprocessor, routingprocessor, tailsamplingprocessor","countconnector, routingconnector, servicegraphconnector, spanmetricsconnector","basicauthextension, bearertokenauthextension, headerssetterextension","Stability, Collector observability, Configuration management and resolution",Yes,4,
9/11/2025 16:50:31,100-999 employees,Technology,Observability,No,Yes,Expert - We have a well-established observability practice,More than 1000,Kubernetes,On every host (i.e k8s daemonset),Kubernetes manifests,Yes,Yes,3,Yes,"Logs, Metrics","otelarrowexporter, otlpexporter, otlphttpexporter, prometheusremotewriteexporter","filelogreceiver, hostmetricsreceiver, k8seventsreceiver, kubeletstatsreceiver, otelarrowreceiver, otlpreceiver, prometheusreceiver, tcplogreceiver","attributesprocessor, batchprocessor, filterprocessor, k8sattributesprocessor, resourcedetectionprocessor, resourceprocessor, routingprocessor, spanmetricsprocessor, spanprocessor","routingconnector, spanmetricsconnector","headerssetterextension, healthcheckv2extension","Configuration management and resolution, Support for more receivers or exporters",Yes,3,
9/11/2025 21:51:59,1000+ employees,Technology,DevOps,No,No,Beginner - Learning about observability / Have used monitoring tools,1,Kubernetes,As a gateway (i.e. k8s deployment),Other Helm Chart (e.g. vendor's),No,No,,No,,"otlpexporter, otlphttpexporter","k8sclusterreceiver, k8seventsreceiver, k8slogreceiver, k8sobjectsreceiver, kafkametricsreceiver, kubeletstatsreceiver","logdedupprocessor, logstransformprocessor",otlpjsonconnector,none,Configuration management and resolution,Yes,2,
9/13/2025 0:55:20,100-999 employees,Finance,Dev,Yes,Yes,Intermediate - We are setting up an observability practice,1,"Kubernetes, Virtual Machine (VM), Docker on my desktop, Docker Compose",On every host (i.e k8s daemonset),OTel Collector Helm Chart,No,No,1,Yes,"Logs, Metrics, Traces","otlpexporter, prometheusexporter",otlpreceiver,"attributesprocessor, batchprocessor, servicegraphprocessor, spanmetricsprocessor, tailsamplingprocessor","servicegraphconnector, spanmetricsconnector",healthcheckextension,"Stability, Collector observability",Yes,5,
9/13/2025 15:04:38,50-99 employees,Technology,Platform Engineering,No,Yes,Intermediate - We are setting up an observability practice,Between 2 and 5,Kubernetes,As a gateway (i.e. k8s deployment),OTel Collector Helm Chart,No,No,,No,Logs,"debugexporter, googlemanagedprometheusexporter, otlpexporter",googlecloudmonitoringreceiver,batchprocessor,countconnector,"healthcheckv2extension, zpages",Collector observability,Yes,2,
9/15/2025 19:44:20,1000+ employees,Technology,SRE,No,Yes,Expert - We have a well-established observability practice,More than 1000,"Kubernetes, Virtual Machine (VM), Docker Compose","On every host (i.e k8s daemonset), As a gateway (i.e. k8s deployment)",Other Helm Chart (e.g. vendor's),Yes,No,,Yes,"Logs, Metrics","datadogexporter, debugexporter, elasticsearchexporter, fileexporter, googlecloudexporter, googlecloudpubsubexporter, googlemanagedprometheusexporter, otlpexporter, otlphttpexporter","dockerstatsreceiver, elasticsearchreceiver, filelogreceiver, filereceiver, filestatsreceiver, googlecloudpubsubreceiver, hostmetricsreceiver, journaldreceiver, k8sclusterreceiver, k8sobjectsreceiver, kubeletstatsreceiver, opencensusreceiver, otlpreceiver, postgresqlreceiver, prometheusreceiver, sqlqueryreceiver","batchprocessor, datadogprocessor, filterprocessor, k8sattributesprocessor, memorylimiterprocessor, metricstarttimeprocessor, redactionprocessor, resourcedetectionprocessor, resourceprocessor, transformprocessor",otlpjsonconnector,"googleclientauthextension, filestorage, healthcheckextension","Stability, Collector observability",Yes,3,
9/15/2025 19:52:15,1000+ employees,Finance,SRE,No,Yes,Expert - We have a well-established observability practice,Between 101 and 1000,"Kubernetes, Virtual Machine (VM), Bare Metal","Next to my application (i.e. k8s sidecar), On every host (i.e k8s daemonset), As a gateway (i.e. k8s deployment), In a stateful scenario (ie k8s statefulset)",OTel Collector Helm Chart,No,No,3,Yes,"Logs, Metrics, Traces","awss3exporter, coralogixexporter, fileexporter, kafkaexporter, otlphttpexporter","filelogreceiver, hostmetricsreceiver, k8sclusterreceiver, k8seventsreceiver, k8sobjectsreceiver, kafkametricsreceiver, kafkareceiver, kubeletstatsreceiver, mysqlreceiver, nginxreceiver, otlpreceiver, prometheusreceiver, syslogreceiver","attributesprocessor, batchprocessor, coralogixprocessor, cumulativetodeltaprocessor, deltatorateprocessor, filterprocessor, groupbyattrsprocessor, groupbytraceprocessor, k8sattributesprocessor, logdedupprocessor, metricstransformprocessor, redactionprocessor, resourcedetectionprocessor, resourceprocessor, tailsamplingprocessor, transformprocessor","countconnector, routingconnector, servicegraphconnector, signaltometricsconnector, spanmetricsconnector, sumconnector","healthcheckextension, k8sleaderelector, opampextension, storage, zpages","Stability, Collector observability, Configuration management and resolution, Support for more receivers or exporters",Yes,4,
9/17/2025 16:27:21,1000+ employees,Energy ,Platform Engineering,No,No,Intermediate - We are setting up an observability practice,Between 2 and 5,"Docker Compose, AWS ECS",Next to my application (i.e. k8s sidecar),I don't deploy the OTel Collector on Kubernetes,No,No,,No,"Metrics, Traces","awsemfexporter, awsxrayexporter, otlphttpexporter",otlpreceiver,"batchprocessor, filterprocessor, resourcedetectionprocessor, resourceprocessor",none,"awsproxy, healthcheckextension, zpages",Configuration management and resolution,Yes,3,Receiver/processor/exporter settings
9/17/2025 22:13:12,1000+ employees,Technology,Observability,Yes,No,Expert - We have a well-established observability practice,I don't know,"Kubernetes, Virtual Machine (VM), Bare Metal",As a gateway (i.e. k8s deployment),OTel Collector Helm Chart,Yes,Yes,3,Yes,Metrics,otlpexporter,"hostmetricsreceiver, syslogreceiver","batchprocessor, tailsamplingprocessor, transformprocessor",spanmetricsconnector,"oauth2clientauthextension, oidcauthextension","Stability, Collector observability, Configuration management and resolution",Yes,5,Additional platform support
9/18/2025 6:10:23,100-999 employees,Technology,Dev,No,Yes,Expert - We have a well-established observability practice,Between 101 and 1000,"Kubernetes, Virtual Machine (VM), Bare Metal, Docker on my desktop, Docker Compose",On every host (i.e k8s daemonset),OTel Operator,Yes,Yes,3,Yes,"Logs, Metrics","datadogexporter, prometheusexporter, sumologicexporter","dockerstatsreceiver, filelogreceiver, filereceiver, k8sclusterreceiver, k8sobjectsreceiver, otlpreceiver, postgresqlreceiver, syslogreceiver","attributesprocessor, batchprocessor, datadogprocessor, resourcedetectionprocessor, sumologicprocessor",datadogconnector,sumologicextension,Support for more receivers or exporters,Yes,2,
9/18/2025 6:17:17,1000+ employees,Technology,Dev,No,Yes,Expert - We have a well-established observability practice,More than 1000,"Kubernetes, Virtual Machine (VM), Docker on my desktop, Docker Compose, Cloud Foundry (via buildpack)","On every host (i.e k8s daemonset), As a gateway (i.e. k8s deployment)",Custom operator from Kyma Telemetry module,No,No,,Yes,"Logs, Metrics","fileexporter, kafkaexporter, loggingexporter, opensearchexporter, otlpexporter, otlphttpexporter, prometheusexporter, prometheusremotewriteexporter","awscloudwatchmetricsreceiver, awscloudwatchreceiver, awscontainerinsightreceiver, awsecscontainermetricsreceiver, filereceiver, filestatsreceiver, fluentforwardreceiver, jaegerreceiver, k8sclusterreceiver, k8seventsreceiver, k8slogreceiver, k8sobjectsreceiver, kafkametricsreceiver, kafkareceiver, kubeletstatsreceiver, otlpreceiver, pprofreceiver, prometheusreceiver, saphanareceiver","attributesprocessor, batchprocessor, cumulativetodeltaprocessor, filterprocessor, groupbyattrsprocessor, groupbytraceprocessor, k8sattributesprocessor, logdedupprocessor, logstransformprocessor, metricstransformprocessor, resourceprocessor, routingprocessor, spanmetricsprocessor, spanprocessor, transformprocessor","countconnector, otlpjsonconnector, routingconnector, spanmetricsconnector","basicauthextension, bearertokenauthextension, cgroupruntimeextension, healthcheckv2extension, oidcauthextension, opampcustommessages, opampextension, pprofextension","Dynamic reconfiguration without restarts, fleet management",Yes,4,
9/22/2025 3:02:44,1-49 employees,Technology,Dev,Yes,Yes,Expert - We have a well-established observability practice,Between 6 and 10,"Virtual Machine (VM), Bare Metal, Docker Compose",I don't deploy any Collectors to Kubernetes,I don't deploy the OTel Collector on Kubernetes,Yes,Yes,5,Yes,"Logs, Metrics, Traces","kafkaexporter, otlpexporter, otlphttpexporter","kafkareceiver, otlpreceiver","resourcedetectionprocessor, tailsamplingprocessor",None of these,"basicauthextension, cgroupruntimeextension, headerssetterextension","Stability, Support for more receivers or exporters",Yes,3,Missing sections
9/25/2025 12:54:48,1000+ employees,Technology,Observability,No,Yes,Intermediate - We are setting up an observability practice,I don't know,"Kubernetes, Virtual Machine (VM)",I don't deploy any Collectors to Kubernetes,I don't deploy the OTel Collector on Kubernetes,No,No,1,No,"Logs, Metrics, Traces","otlpexporter, prometheusexporter, prometheusremotewriteexporter","prometheusreceiver, prometheusremotewritereceiver","attributesprocessor, batchprocessor",grafanacloudconnector,observer,"Collector observability, Configuration management and resolution, Support for more receivers or exporters",Yes,3,